Date,Q (ft3/s)
10/29/2013,"117,000"
10/30/2013,"144,000"
10/31/2013,"148,000"
11/1/2013,"139,000"
11/2/2013,"146,000"
11/3/2013,"178,000"
11/4/2013,"186,000"
11/5/2013,"177,000"
11/6/2013,"172,000"
11/7/2013,"176,000"
11/8/2013,"165,000"
11/9/2013,"152,000"
11/10/2013,"157,000"
11/11/2013,"167,000"
11/12/2013,"164,000"
11/13/2013,"167,000"
11/14/2013,"154,000"
11/15/2013,"154,000"
11/16/2013,"148,000"
11/17/2013,"149,000"
11/18/2013,"207,000"
11/19/2013,"270,000"
11/20/2013,"279,000"
11/21/2013,"273,000"
11/22/2013,"260,000"
11/23/2013,"238,000"
11/24/2013,"214,000"
11/25/2013,"199,000"
11/26/2013,"166,000"
11/27/2013,"185,000"
11/28/2013,"189,000"
11/29/2013,"209,000"
11/30/2013,"232,000"
12/1/2013,"248,000"
12/2/2013,"261,000"
12/3/2013,"259,000"
12/4/2013,"233,000"
12/5/2013,"213,000"
12/6/2013,"219,000"
12/7/2013,"233,000"
12/8/2013,"264,000"
12/9/2013,"327,000"
12/10/2013,"420,000"
12/11/2013,"511,000"
12/12/2013,"556,000"
12/13/2013,"580,000"
12/14/2013,"597,000"
12/15/2013,"571,000"
12/16/2013,"541,000"
12/17/2013,"527,000"
12/18/2013,"478,000"
12/19/2013,"430,000"
12/20/2013,"389,000"
12/21/2013,"405,000"
12/22/2013,"525,000"
12/23/2013,"569,000"
12/24/2013,"631,000"
12/25/2013,"674,000"
12/26/2013,"704,000"
12/27/2013,"726,000"
12/28/2013,"741,000"
12/29/2013,"747,000"
12/30/2013,"757,000"
12/31/2013,"756,000"
1/1/2014,"745,000"
1/2/2014,"725,000"
1/3/2014,"710,000"
1/4/2014,"693,000"
1/5/2014,"684,000"
1/6/2014,"662,000"
1/7/2014,"611,000"
1/8/2014,"550,000"
1/9/2014,"490,000"
1/10/2014,"419,000"
1/11/2014,"401,000"
1/12/2014,"410,000"
1/13/2014,"434,000"
1/14/2014,"449,000"
1/15/2014,"490,000"
1/16/2014,"547,000"
1/17/2014,"612,000"
1/18/2014,"640,000"
1/19/2014,"654,000"
1/20/2014,"655,000"
1/21/2014,"643,000"
1/22/2014,"600,000"
1/23/2014,"494,000"
1/24/2014,"382,000"
1/25/2014,"329,000"
1/26/2014,"297,000"
1/27/2014,"271,000"
1/28/2014,"232,000"
1/29/2014,"191,000"
1/30/2014,"193,000"
1/31/2014,"215,000"
2/1/2014,"215,000"
2/2/2014,"205,000"
2/3/2014,"228,000"
2/4/2014,"272,000"
2/5/2014,"334,000"
2/6/2014,"466,000"
2/7/2014,"574,000"
2/8/2014,"638,000"
2/9/2014,"679,000"
2/10/2014,"708,000"
2/11/2014,"722,000"
2/12/2014,"709,000"
2/13/2014,"614,000"
2/14/2014,"476,000"
2/15/2014,"379,000"
2/16/2014,"322,000"
2/17/2014,"307,000"
2/18/2014,"322,000"
2/19/2014,"365,000"
2/20/2014,"384,000"
2/21/2014,"408,000"
2/22/2014,"450,000"
2/23/2014,"496,000"
2/24/2014,"543,000"
2/25/2014,"598,000"
2/26/2014,"630,000"
2/27/2014,"658,000"
2/28/2014,"678,000"
3/1/2014,"690,000"
3/2/2014,"690,000"
3/3/2014,"677,000"
3/4/2014,"652,000"
3/5/2014,"621,000"
3/6/2014,"572,000"
3/7/2014,"540,000"
3/8/2014,"527,000"
3/9/2014,"513,000"
3/10/2014,"487,000"
3/11/2014,"444,000"
3/12/2014,"413,000"
3/13/2014,"371,000"
3/14/2014,"336,000"
3/15/2014,"328,000"
3/16/2014,"347,000"
3/17/2014,"376,000"
3/18/2014,"394,000"
3/19/2014,"400,000"
3/20/2014,"372,000"
3/21/2014,"327,000"
3/22/2014,"293,000"
3/23/2014,"278,000"
3/24/2014,"271,000"
3/25/2014,"266,000"
3/26/2014,"255,000"
3/27/2014,"229,000"
3/28/2014,"225,000"
3/29/2014,"225,000"
3/30/2014,"225,000"
3/31/2014,"225,000"
4/1/2014,"240,000"
4/2/2014,"259,000"
4/3/2014,"292,000"
4/4/2014,"368,000"
4/5/2014,"475,000"
4/6/2014,"554,000"
4/7/2014,"610,000"
4/8/2014,"644,000"
4/9/2014,"662,000"
4/10/2014,"677,000"
4/11/2014,"697,000"
4/12/2014,"709,000"
4/13/2014,"699,000"
4/14/2014,"699,000"
4/15/2014,"691,000"
4/16/2014,"657,000"
4/17/2014,"612,000"
4/18/2014,"543,000"
4/19/2014,"471,000"
4/20/2014,"405,000"
4/21/2014,"346,000"
4/22/2014,"295,000"
4/23/2014,"252,000"
4/24/2014,"216,000"
4/25/2014,"186,000"
4/26/2014,"186,000"
4/27/2014,"189,000"
4/28/2014,"228,000"
4/29/2014,"371,000"
4/30/2014,"481,000"
5/1/2014,"502,000"
5/2/2014,"508,000"
5/3/2014,"523,000"
5/4/2014,"549,000"
5/5/2014,"557,000"
5/6/2014,"525,000"
5/7/2014,"511,000"
5/8/2014,"484,000"
5/9/2014,"424,000"
5/10/2014,"333,000"
5/11/2014,"279,000"
5/12/2014,"266,000"
5/13/2014,"269,000"
5/14/2014,"277,000"
5/15/2014,"284,000"
5/16/2014,"321,000"
5/17/2014,"380,000"
5/18/2014,"414,000"
5/19/2014,"444,000"
5/20/2014,"443,000"
5/21/2014,"440,000"
5/22/2014,"457,000"
5/23/2014,"468,000"
5/24/2014,"472,000"
5/25/2014,"436,000"
5/26/2014,"391,000"
5/27/2014,"343,000"
5/28/2014,"310,000"
5/29/2014,"282,000"
5/30/2014,"236,000"
5/31/2014,"206,000"
6/1/2014,"198,000"
6/2/2014,"214,000"
6/3/2014,"219,000"
6/4/2014,"201,000"
6/5/2014,"203,000"
6/6/2014,"229,000"
6/7/2014,"272,000"
6/8/2014,"291,000"
6/9/2014,"281,000"
6/10/2014,"284,000"
6/11/2014,"284,000"
6/12/2014,"295,000"
6/13/2014,"291,000"
6/14/2014,"286,000"
6/15/2014,"280,000"
6/16/2014,"279,000"
6/17/2014,"283,000"
6/18/2014,"271,000"
6/19/2014,"223,000"
6/20/2014,"188,000"
6/21/2014,"167,000"
6/22/2014,"181,000"
6/23/2014,"193,000"
6/24/2014,"196,000"
6/25/2014,"190,000"
6/26/2014,"185,000"
6/27/2014,"185,000"
6/28/2014,"185,000"
6/29/2014,"201,000"
6/30/2014,"222,000"
7/1/2014,"238,000"
7/2/2014,"239,000"
7/3/2014,"224,000"
7/4/2014,"203,000"
7/5/2014,"178,000"
7/6/2014,"151,000"
7/7/2014,"126,000"
7/8/2014,"109,000"
7/9/2014,"97,000"
7/10/2014,"107,000"
7/11/2014,"114,000"
7/12/2014,"95,900"
7/13/2014,"80,100"
7/14/2014,"83,000"
7/15/2014,"101,000"
7/16/2014,"117,000"
7/17/2014,"121,000"
7/18/2014,"107,000"
7/19/2014,"99,400"
7/20/2014,"115,000"
7/21/2014,"117,000"
7/22/2014,"112,000"
7/23/2014,"95,500"
7/24/2014,"85,700"
7/25/2014,"107,000"
7/26/2014,"115,000"
7/27/2014,"81,400"
7/28/2014,"99,800"
7/29/2014,"125,000"
7/30/2014,"113,000"
7/31/2014,"107,000"
8/1/2014,"109,000"
8/2/2014,"101,000"
8/3/2014,"88,100"
8/4/2014,"96,500"
8/5/2014,"118,000"
8/6/2014,"135,000"
8/7/2014,"147,000"
8/8/2014,"135,000"
8/9/2014,"118,000"
8/10/2014,"127,000"
8/11/2014,"134,000"
8/12/2014,"125,000"
8/13/2014,"135,000"
8/14/2014,"144,000"
8/15/2014,"154,000"
8/16/2014,"162,000"
8/17/2014,"156,000"
8/18/2014,"147,000"
8/19/2014,"137,000"
8/20/2014,"138,000"
8/21/2014,"141,000"
8/22/2014,"150,000"
8/23/2014,"179,000"
8/24/2014,"230,000"
8/25/2014,"228,000"
8/26/2014,"227,000"
8/27/2014,"228,000"
8/28/2014,"219,000"
8/29/2014,"154,000"
8/30/2014,"135,000"
8/31/2014,"132,000"
9/1/2014,"112,000"
9/2/2014,"106,000"
9/3/2014,"137,000"
9/4/2014,"152,000"
9/5/2014,"136,000"
9/6/2014,"145,000"
9/7/2014,"153,000"
9/8/2014,"148,000"
9/9/2014,"151,000"
9/10/2014,"156,000"
9/11/2014,"139,000"
9/12/2014,"119,000"
9/13/2014,"139,000"
9/14/2014,"117,000"
9/15/2014,"120,000"
9/16/2014,"122,000"
9/17/2014,"122,000"
9/18/2014,"103,000"
9/19/2014,"90,900"
9/20/2014,"96,400"
9/21/2014,"91,800"
9/22/2014,"70,600"
9/23/2014,"101,000"
9/24/2014,"114,000"
9/25/2014,"89,600"
9/26/2014,"63,400"
9/27/2014,"94,700"
9/28/2014,"110,000"
9/29/2014,"113,000"
9/30/2014,"118,000"
10/1/2014,"97,700"
10/2/2014,"107,000"
10/3/2014,"91,500"
10/4/2014,"63,800"
10/5/2014,"51,800"
10/6/2014,"94,800"
10/7/2014,"117,000"
10/8/2014,"140,000"
10/9/2014,"147,000"
10/10/2014,"139,000"
10/11/2014,"145,000"
10/12/2014,"167,000"
10/13/2014,"179,000"
10/14/2014,"198,000"
10/15/2014,"264,000"
10/16/2014,"313,000"
10/17/2014,"292,000"
10/18/2014,"318,000"
10/19/2014,"345,000"
10/20/2014,"354,000"
10/21/2014,"327,000"
10/22/2014,"292,000"
10/23/2014,"244,000"
10/24/2014,"205,000"
10/25/2014,"185,000"
10/26/2014,"176,000"
10/27/2014,"188,000"
10/28/2014,"172,000"
10/29/2014,"157,000"
10/30/2014,"155,000"
10/31/2014,"139,000"
11/1/2014,"128,000"
11/2/2014,"146,000"
11/3/2014,"165,000"
11/4/2014,"166,000"
11/5/2014,"154,000"
11/6/2014,"150,000"
11/7/2014,"159,000"
11/8/2014,"160,000"
11/9/2014,"157,000"
11/10/2014,"196,000"
11/11/2014,"247,000"
11/12/2014,"245,000"
11/13/2014,"241,000"
11/14/2014,"208,000"
11/15/2014,"169,000"
11/16/2014,"174,000"
11/17/2014,"164,000"
11/18/2014,"154,000"
11/19/2014,"158,000"
11/20/2014,"232,000"
11/21/2014,"241,000"
11/22/2014,"250,000"
11/23/2014,"250,000"
11/24/2014,"239,000"
11/25/2014,"252,000"
11/26/2014,"263,000"
11/27/2014,"257,000"
11/28/2014,"247,000"
11/29/2014,"258,000"
11/30/2014,"272,000"
12/1/2014,"273,000"
12/2/2014,"252,000"
12/3/2014,"252,000"
12/4/2014,"258,000"
12/5/2014,"263,000"
12/6/2014,"273,000"
12/7/2014,"316,000"
12/8/2014,"379,000"
12/9/2014,"461,000"
12/10/2014,"518,000"
12/11/2014,"548,000"
12/12/2014,"564,000"
12/13/2014,"556,000"
12/14/2014,"510,000"
12/15/2014,"428,000"
12/16/2014,"326,000"
12/17/2014,"278,000"
12/18/2014,"237,000"
12/19/2014,"195,000"
12/20/2014,"223,000"
12/21/2014,"237,000"
12/22/2014,"237,000"
12/23/2014,"245,000"
12/24/2014,"252,000"
12/25/2014,"250,000"
12/26/2014,"234,000"
12/27/2014,"270,000"
12/28/2014,"277,000"
12/29/2014,"300,000"
12/30/2014,"362,000"
12/31/2014,"382,000"
1/1/2015,"361,000"
1/2/2015,"355,000"
1/3/2015,"355,000"
1/4/2015,"338,000"
1/5/2015,"343,000"
1/6/2015,"408,000"
1/7/2015,"450,000"
1/8/2015,"467,000"
1/9/2015,"465,000"
1/10/2015,"456,000"
1/11/2015,"440,000"
1/12/2015,"405,000"
1/13/2015,"359,000"
1/14/2015,"322,000"
1/15/2015,"315,000"
1/16/2015,"321,000"
1/17/2015,"325,000"
1/18/2015,"319,000"
1/19/2015,"311,000"
1/20/2015,"292,000"
1/21/2015,"262,000"
1/22/2015,"232,000"
1/23/2015,"210,000"
1/24/2015,"224,000"
1/25/2015,"244,000"
1/26/2015,"264,000"
1/27/2015,"244,000"
1/28/2015,"244,000"
1/29/2015,"258,000"
1/30/2015,"280,000"
1/31/2015,"273,000"
2/1/2015,"270,000"
2/2/2015,"251,000"
2/3/2015,"258,000"
2/4/2015,"258,000"
2/5/2015,"287,000"
2/6/2015,"327,000"
2/7/2015,"350,000"
2/8/2015,"353,000"
2/9/2015,"329,000"
2/10/2015,"278,000"
2/11/2015,"254,000"
2/12/2015,"231,000"
2/13/2015,"208,000"
2/14/2015,"222,000"
2/15/2015,"236,000"
2/16/2015,"225,000"
2/17/2015,"203,000"
2/18/2015,"193,000"
2/19/2015,"165,000"
2/20/2015,"146,000"
2/21/2015,"219,000"
2/22/2015,"279,000"
2/23/2015,"339,000"
2/24/2015,"383,000"
2/25/2015,"450,000"
2/26/2015,"483,000"
2/27/2015,"472,000"
2/28/2015,"450,000"
3/1/2015,"416,000"
3/2/2015,"379,000"
3/3/2015,"354,000"
3/4/2015,"401,000"
3/5/2015,"485,000"
3/6/2015,"644,000"
3/7/2015,"694,000"
3/8/2015,"735,000"
3/9/2015,"759,000"
3/10/2015,"790,000"
3/11/2015,"834,000"
3/12/2015,"879,000"
3/13/2015,"930,000"
3/14/2015,"976,000"
3/15/2015,"993,000"
3/16/2015,"1,000,000"
3/17/2015,"1,010,000"
3/18/2015,"996,000"
3/19/2015,"982,000"
3/20/2015,"979,000"
3/21/2015,"978,000"
3/22/2015,"981,000"
3/23/2015,"972,000"
3/24/2015,"950,000"
3/25/2015,"910,000"
3/26/2015,"869,000"
3/27/2015,"819,000"
3/28/2015,"771,000"
3/29/2015,"716,000"
3/30/2015,"651,000"
3/31/2015,"557,000"
4/1/2015,"482,000"
4/2/2015,"427,000"
4/3/2015,"408,000"
4/4/2015,"426,000"
4/5/2015,"462,000"
4/6/2015,"526,000"
4/7/2015,"576,000"
4/8/2015,"616,000"
4/9/2015,"642,000"
4/10/2015,"659,000"
4/11/2015,"679,000"
4/12/2015,"685,000"
4/13/2015,"696,000"
4/14/2015,"747,000"
4/15/2015,"754,000"
4/16/2015,"757,000"
4/17/2015,"770,000"
4/18/2015,"782,000"
4/19/2015,"784,000"
4/20/2015,"791,000"
4/21/2015,"803,000"
4/22/2015,"815,000"
4/23/2015,"815,000"
4/24/2015,"797,000"
4/25/2015,"780,000"
4/26/2015,"785,000"
4/27/2015,"759,000"
4/28/2015,"716,000"
4/29/2015,"642,000"
4/30/2015,"576,000"
5/1/2015,"462,000"
5/2/2015,"384,000"
5/3/2015,"331,000"
5/4/2015,"285,000"
5/5/2015,"264,000"
5/6/2015,"247,000"
5/7/2015,"231,000"
5/8/2015,"210,000"
5/9/2015,"184,000"
5/10/2015,"147,000"
5/11/2015,"143,000"
5/12/2015,"141,000"
5/13/2015,"152,000"
5/14/2015,"148,000"
5/15/2015,"135,000"
5/16/2015,"141,000"
5/17/2015,"129,000"
5/18/2015,"159,000"
5/19/2015,"166,000"
5/20/2015,"165,000"
5/21/2015,"159,000"
5/22/2015,"140,000"
5/23/2015,"144,000"
5/24/2015,"134,000"
5/25/2015,"122,000"
5/26/2015,"112,000"
5/27/2015,"99,700"
5/28/2015,"123,000"
5/29/2015,"135,000"
5/30/2015,"137,000"
5/31/2015,"146,000"
6/1/2015,"133,000"
6/2/2015,"123,000"
6/3/2015,"135,000"
6/4/2015,"151,000"
6/5/2015,"151,000"
6/6/2015,"156,000"
6/7/2015,"150,000"
6/8/2015,"113,000"
6/9/2015,"114,000"
6/10/2015,"116,000"
6/11/2015,"112,000"
6/12/2015,"123,000"
6/13/2015,"122,000"
6/14/2015,"117,000"
6/15/2015,"126,000"
6/16/2015,"121,000"
6/17/2015,"129,000"
6/18/2015,"190,000"
6/19/2015,"234,000"
6/20/2015,"276,000"
6/21/2015,"310,000"
6/22/2015,"304,000"
6/23/2015,"300,000"
6/24/2015,"350,000"
6/25/2015,"344,000"
6/26/2015,"332,000"
6/27/2015,"330,000"
6/28/2015,"367,000"
6/29/2015,"354,000"
6/30/2015,"334,000"
7/1/2015,"344,000"
7/2/2015,"397,000"
7/3/2015,"445,000"
7/4/2015,"482,000"
7/5/2015,"464,000"
7/6/2015,"474,000"
7/7/2015,"483,000"
7/8/2015,"509,000"
7/9/2015,"523,000"
7/10/2015,"545,000"
7/11/2015,"574,000"
7/12/2015,"556,000"
7/13/2015,"521,000"
7/14/2015,"482,000"
7/15/2015,"517,000"
7/16/2015,"515,000"
7/17/2015,"509,000"
7/18/2015,"513,000"
7/19/2015,"517,000"
7/20/2015,"554,000"
7/21/2015,"575,000"
7/22/2015,"627,000"
7/23/2015,"619,000"
7/24/2015,"567,000"
7/25/2015,"512,000"
7/26/2015,"436,000"
7/27/2015,"360,000"
7/28/2015,"307,000"
7/29/2015,"278,000"
7/30/2015,"266,000"
7/31/2015,"244,000"
8/1/2015,"224,000"
8/2/2015,"190,000"
8/3/2015,"159,000"
8/4/2015,"160,000"
8/5/2015,"159,000"
8/6/2015,"159,000"
8/7/2015,"160,000"
8/8/2015,"160,000"
8/9/2015,"155,000"
8/10/2015,"144,000"
8/11/2015,"157,000"
8/12/2015,"128,000"
8/13/2015,"125,000"
8/14/2015,"134,000"
8/15/2015,"120,000"
8/16/2015,"99,700"
8/17/2015,"81,400"
8/18/2015,"103,000"
8/19/2015,"96,400"
8/20/2015,"111,000"
8/21/2015,"151,000"
8/22/2015,"133,000"
8/23/2015,"86,900"
8/24/2015,"101,000"
8/25/2015,"108,000"
8/26/2015,"106,000"
8/27/2015,"105,000"
8/28/2015,"104,000"
8/29/2015,"67,600"
8/30/2015,"63,300"
8/31/2015,"68,700"
9/1/2015,"78,500"
9/2/2015,"78,500"
9/3/2015,"72,900"
9/4/2015,"75,300"
9/5/2015,"87,300"
9/6/2015,"92,800"
9/7/2015,"88,100"
9/8/2015,"71,300"
9/9/2015,"63,400"
9/10/2015,"63,400"
9/11/2015,"87,300"
9/12/2015,"108,000"
9/13/2015,"126,000"
9/14/2015,"89,400"
9/15/2015,"90,600"
9/16/2015,"121,000"
9/17/2015,"119,000"
9/18/2015,"101,000"
9/19/2015,"85,600"
9/20/2015,"83,900"
9/21/2015,"86,300"
9/22/2015,"76,800"
9/23/2015,"66,400"
9/24/2015,"65,600"
9/25/2015,"66,400"
9/26/2015,"67,200"
9/27/2015,"71,200"
9/28/2015,"72,800"
9/29/2015,"75,200"
9/30/2015,"98,200"
10/1/2015,"136,000"
10/2/2015,"161,000"
10/3/2015,"215,000"
10/4/2015,"211,000"
10/5/2015,"177,000"
10/6/2015,"109,000"
10/7/2015,"141,000"
10/8/2015,"158,000"
10/9/2015,"153,000"
10/10/2015,"138,000"
10/11/2015,"127,000"
10/12/2015,"117,000"
10/13/2015,"104,000"
10/14/2015,"105,000"
10/15/2015,"119,000"
10/16/2015,"115,000"
10/17/2015,"90,700"
10/18/2015,"78,000"
10/19/2015,"89,900"
10/20/2015,"78,700"
10/21/2015,"71,800"
10/22/2015,"68,000"
10/23/2015,"70,100"
10/24/2015,"74,000"
10/25/2015,"72,300"
10/26/2015,"88,400"
10/27/2015,"91,800"
10/28/2015,"132,000"
10/29/2015,"237,000"
10/30/2015,"250,000"
10/31/2015,"201,000"
11/1/2015,"214,000"
11/2/2015,"228,000"
11/3/2015,"240,000"
11/4/2015,"216,000"
11/5/2015,"167,000"
11/6/2015,"160,000"
11/7/2015,"176,000"
11/8/2015,"199,000"
11/9/2015,"199,000"
11/10/2015,"169,000"
11/11/2015,"153,000"
11/12/2015,"166,000"
11/13/2015,"179,000"
11/14/2015,"182,000"
11/15/2015,"203,000"
11/16/2015,"205,000"
11/17/2015,"215,000"
11/18/2015,"228,000"
11/19/2015,"250,000"
11/20/2015,"283,000"
11/21/2015,"285,000"
11/22/2015,"261,000"
11/23/2015,"242,000"
11/24/2015,"270,000"
11/25/2015,"264,000"
11/26/2015,"232,000"
11/27/2015,"219,000"
11/28/2015,"235,000"
11/29/2015,"251,000"
11/30/2015,"263,000"
12/1/2015,"284,000"
12/2/2015,"362,000"
12/3/2015,"469,000"
12/4/2015,"518,000"
12/5/2015,"525,000"
12/6/2015,"524,000"
12/7/2015,"533,000"
12/8/2015,"525,000"
12/9/2015,"492,000"
12/10/2015,"430,000"
12/11/2015,"383,000"
12/12/2015,"348,000"
12/13/2015,"324,000"
12/14/2015,"305,000"
12/15/2015,"312,000"
12/16/2015,"289,000"
12/17/2015,"265,000"
12/18/2015,"246,000"
12/19/2015,"247,000"
12/20/2015,"260,000"
12/21/2015,"276,000"
12/22/2015,"293,000"
12/23/2015,"323,000"
12/24/2015,"391,000"
12/25/2015,"457,000"
12/26/2015,"574,000"
12/27/2015,"726,000"
12/28/2015,"812,000"
12/29/2015,"894,000"
12/30/2015,"920,000"
12/31/2015,"887,000"
1/1/2016,"793,000"
1/2/2016,"717,000"
1/3/2016,"708,000"
1/4/2016,"725,000"
1/5/2016,"747,000"
1/6/2016,"792,000"
1/7/2016,"849,000"
1/8/2016,"851,000"
1/9/2016,"825,000"
1/10/2016,"836,000"
1/11/2016,"794,000"
1/12/2016,"743,000"
1/13/2016,"675,000"
1/14/2016,"620,000"
1/15/2016,"561,000"
1/16/2016,"526,000"
1/17/2016,"498,000"
1/18/2016,"468,000"
1/19/2016,"425,000"
1/20/2016,"386,000"
1/21/2016,"363,000"
1/22/2016,"328,000"
1/23/2016,"304,000"
1/24/2016,"285,000"
1/25/2016,"274,000"
1/26/2016,"303,000"
1/27/2016,"305,000"
1/28/2016,"299,000"
1/29/2016,"318,000"
1/30/2016,"335,000"
1/31/2016,"352,000"
2/1/2016,"371,000"
2/2/2016,"379,000"
2/3/2016,"402,000"
2/4/2016,"449,000"
2/5/2016,"514,000"
2/6/2016,"568,000"
2/7/2016,"596,000"
2/8/2016,"618,000"
2/9/2016,"634,000"
2/10/2016,"642,000"
2/11/2016,"627,000"
2/12/2016,"603,000"
2/13/2016,"553,000"
2/14/2016,"475,000"
2/15/2016,"427,000"
2/16/2016,"396,000"
2/17/2016,"362,000"
2/18/2016,"359,000"
2/19/2016,"439,000"
2/20/2016,"513,000"
2/21/2016,"559,000"
2/22/2016,"584,000"
2/23/2016,"598,000"
2/24/2016,"619,000"
2/25/2016,"654,000"
2/26/2016,"715,000"
2/27/2016,"744,000"
2/28/2016,"744,000"
2/29/2016,"752,000"
3/1/2016,"754,000"
3/2/2016,"753,000"
3/3/2016,"752,000"
3/4/2016,"751,000"
3/5/2016,"736,000"
3/6/2016,"705,000"
3/7/2016,"659,000"
3/8/2016,"597,000"
3/9/2016,"525,000"
3/10/2016,"537,000"
3/11/2016,"539,000"
3/12/2016,"536,000"
3/13/2016,"541,000"
3/14/2016,"550,000"
3/15/2016,"540,000"
3/16/2016,"539,000"
3/17/2016,"532,000"
3/18/2016,"502,000"
3/19/2016,"501,000"
3/20/2016,"503,000"
3/21/2016,"514,000"
3/22/2016,"504,000"
3/23/2016,"470,000"
3/24/2016,"384,000"
3/25/2016,"312,000"
3/26/2016,"257,000"
3/27/2016,"226,000"
3/28/2016,"213,000"
3/29/2016,"212,000"
3/30/2016,"220,000"
3/31/2016,"266,000"
4/1/2016,"265,000"
4/2/2016,"325,000"
4/3/2016,"374,000"
4/4/2016,"339,000"
4/5/2016,"332,000"
4/6/2016,"307,000"
4/7/2016,"302,000"
4/8/2016,"290,000"
4/9/2016,"254,000"
4/10/2016,"225,000"
4/11/2016,"207,000"
4/12/2016,"217,000"
4/13/2016,"260,000"
4/14/2016,"315,000"
4/15/2016,"319,000"
4/16/2016,"318,000"
4/17/2016,"334,000"
4/18/2016,"342,000"
4/19/2016,"324,000"
4/20/2016,"307,000"
4/21/2016,"253,000"
4/22/2016,"227,000"
4/23/2016,"222,000"
4/24/2016,"213,000"
4/25/2016,"212,000"
4/26/2016,"218,000"
4/27/2016,"224,000"
4/28/2016,"235,000"
4/29/2016,"279,000"
4/30/2016,"314,000"
5/1/2016,"296,000"
5/2/2016,"270,000"
5/3/2016,"284,000"
5/4/2016,"306,000"
5/5/2016,"323,000"
5/6/2016,"347,000"
5/7/2016,"368,000"
5/8/2016,"386,000"
5/9/2016,"408,000"
5/10/2016,"386,000"
5/11/2016,"353,000"
5/12/2016,"354,000"
5/13/2016,"386,000"
5/14/2016,"387,000"
5/15/2016,"436,000"
5/16/2016,"454,000"
5/17/2016,"437,000"
5/18/2016,"401,000"
5/19/2016,"366,000"
5/20/2016,"340,000"
5/21/2016,"295,000"
5/22/2016,"277,000"
5/23/2016,"283,000"
5/24/2016,"307,000"
5/25/2016,"327,000"
5/26/2016,"338,000"
5/27/2016,"340,000"
5/28/2016,"330,000"
5/29/2016,"294,000"
5/30/2016,"258,000"
5/31/2016,"201,000"
6/1/2016,"156,000"
6/2/2016,"159,000"
6/3/2016,"157,000"
6/4/2016,"150,000"
6/5/2016,"151,000"
6/6/2016,"156,000"
6/7/2016,"157,000"
6/8/2016,"175,000"
6/9/2016,"169,000"
6/10/2016,"163,000"
6/11/2016,"156,000"
6/12/2016,"128,000"
6/13/2016,"107,000"
6/14/2016,"106,000"
6/15/2016,"106,000"
6/16/2016,"100,000"
6/17/2016,"103,000"
6/18/2016,"117,000"
6/19/2016,"128,000"
6/20/2016,"125,000"
6/21/2016,"112,000"
6/22/2016,"91,400"
6/23/2016,"88,400"
6/24/2016,"125,000"
6/25/2016,"164,000"
6/26/2016,"170,000"
6/27/2016,"202,000"
6/28/2016,"246,000"
6/29/2016,"277,000"
6/30/2016,"266,000"
7/1/2016,"214,000"
7/2/2016,"186,000"
7/3/2016,"125,000"
7/4/2016,"183,000"
7/5/2016,"217,000"
7/6/2016,"220,000"
7/7/2016,"318,000"
7/8/2016,"358,000"
7/9/2016,"378,000"
7/10/2016,"375,000"
7/11/2016,"354,000"
7/12/2016,"307,000"
7/13/2016,"289,000"
7/14/2016,"267,000"
7/15/2016,"228,000"
7/16/2016,"207,000"
7/17/2016,"202,000"
7/18/2016,"197,000"
7/19/2016,"169,000"
7/20/2016,"165,000"
7/21/2016,"144,000"
7/22/2016,"120,000"
7/23/2016,"147,000"
7/24/2016,"112,000"
7/25/2016,"136,000"
7/26/2016,"116,000"
7/27/2016,"127,000"
7/28/2016,"133,000"
7/29/2016,"146,000"
7/30/2016,"188,000"
7/31/2016,"215,000"
8/1/2016,"229,000"
8/2/2016,"229,000"
8/3/2016,"220,000"
8/4/2016,"214,000"
8/5/2016,"183,000"
8/6/2016,"173,000"
8/7/2016,"155,000"
8/8/2016,"168,000"
8/9/2016,"138,000"
8/10/2016,"122,000"
8/11/2016,"163,000"
8/12/2016,"171,000"
8/13/2016,"127,000"
8/14/2016,"113,000"
8/15/2016,"172,000"
8/16/2016,"153,000"
8/17/2016,"198,000"
8/18/2016,"215,000"
8/19/2016,"231,000"
8/20/2016,"236,000"
8/21/2016,"213,000"
8/22/2016,"211,000"
8/23/2016,"239,000"
8/24/2016,"224,000"
8/25/2016,"225,000"
8/26/2016,"228,000"
8/27/2016,"190,000"
8/28/2016,"182,000"
8/29/2016,"155,000"
8/30/2016,"128,000"
8/31/2016,"134,000"
9/1/2016,"118,000"
9/2/2016,"109,000"
9/3/2016,"125,000"
9/4/2016,"120,000"
9/5/2016,"90,300"
9/6/2016,"78,500"
9/7/2016,"71,400"
9/8/2016,"72,300"
9/9/2016,"64,200"
9/10/2016,"64,100"
9/11/2016,"90,900"
9/12/2016,"97,000"
9/13/2016,"89,100"
9/14/2016,"60,600"
9/15/2016,"80,700"
9/16/2016,"104,000"
9/17/2016,"88,000"
9/18/2016,"75,700"
9/19/2016,"68,100"
9/20/2016,"68,400"
9/21/2016,"82,900"
9/22/2016,"87,400"
9/23/2016,"91,800"
9/24/2016,"76,400"
9/25/2016,"76,900"
9/26/2016,"76,100"
9/27/2016,"61,100"
9/28/2016,"49,900"
9/29/2016,"47,600"
9/30/2016,"40,300"
10/1/2016,"42,500"
10/2/2016,"81,300"
10/3/2016,"91,400"
10/4/2016,"95,500"
10/5/2016,"89,100"
10/6/2016,"67,500"
10/7/2016,"50,600"
10/8/2016,"42,900"
10/9/2016,"51,700"
10/10/2016,"59,500"
10/11/2016,"67,500"
10/12/2016,"67,500"
10/13/2016,"65,900"
10/14/2016,"56,900"
10/15/2016,"53,800"
10/16/2016,"54,400"
10/17/2016,"43,500"
10/18/2016,"42,400"
10/19/2016,"54,700"
10/20/2016,"48,700"
10/21/2016,"68,000"
10/22/2016,"106,000"
10/23/2016,"130,000"
10/24/2016,"189,000"
10/25/2016,"196,000"
10/26/2016,"194,000"
10/27/2016,"199,000"
10/28/2016,"156,000"
10/29/2016,"140,000"
10/30/2016,"131,000"
10/31/2016,"112,000"
11/1/2016,"98,700"
11/2/2016,"98,200"
11/3/2016,"96,300"
11/4/2016,"84,000"
11/5/2016,"86,500"
11/6/2016,"91,900"
11/7/2016,"90,000"
11/8/2016,"86,800"
11/9/2016,"85,000"
11/10/2016,"71,300"
11/11/2016,"68,900"
11/12/2016,"71,900"
11/13/2016,"82,200"
11/14/2016,"78,700"
11/15/2016,"82,500"
11/16/2016,"86,300"
11/17/2016,"80,500"
11/18/2016,"41,600"
11/19/2016,"56,200"
11/20/2016,"62,300"
11/21/2016,"73,300"
11/22/2016,"77,300"
11/23/2016,"72,800"
11/24/2016,"87,800"
11/25/2016,"86,100"
11/26/2016,"84,500"
11/27/2016,"88,600"
11/28/2016,"85,300"
11/29/2016,"74,900"
11/30/2016,"104,000"
12/1/2016,"139,000"
12/2/2016,"140,000"
12/3/2016,"156,000"
12/4/2016,"193,000"
12/5/2016,"204,000"
12/6/2016,"216,000"
12/7/2016,"213,000"
12/8/2016,"198,000"
12/9/2016,"196,000"
12/10/2016,"177,000"
12/11/2016,"140,000"
12/12/2016,"166,000"
12/13/2016,"176,000"
12/14/2016,"171,000"
12/15/2016,"161,000"
12/16/2016,"163,000"
12/17/2016,"169,000"
12/18/2016,"225,000"
12/19/2016,"258,000"
12/20/2016,"293,000"
12/21/2016,"335,000"
12/22/2016,"352,000"
12/23/2016,"379,000"
12/24/2016,"399,000"
12/25/2016,"397,000"
12/26/2016,"359,000"
12/27/2016,"342,000"
12/28/2016,"324,000"
12/29/2016,"332,000"
12/30/2016,"355,000"
12/31/2016,"363,000"
1/1/2017,"375,000"
1/2/2017,"386,000"
1/3/2017,"384,000"
1/4/2017,"371,000"
1/5/2017,"356,000"
1/6/2017,"351,000"
1/7/2017,"368,000"
1/8/2017,"403,000"
1/9/2017,"428,000"
1/10/2017,"438,000"
1/11/2017,"433,000"
1/12/2017,"365,000"
1/13/2017,"296,000"
1/14/2017,"285,000"
1/15/2017,"312,000"
1/16/2017,"352,000"
1/17/2017,"403,000"
1/18/2017,"479,000"
1/19/2017,"529,000"
1/20/2017,"584,000"
1/21/2017,"630,000"
1/22/2017,"651,000"
1/23/2017,"654,000"
1/24/2017,"630,000"
1/25/2017,"603,000"
1/26/2017,"590,000"
1/27/2017,"593,000"
1/28/2017,"602,000"
1/29/2017,"610,000"
1/30/2017,"606,000"
1/31/2017,"618,000"
2/1/2017,"609,000"
2/2/2017,"568,000"
2/3/2017,"478,000"
2/4/2017,"389,000"
2/5/2017,"321,000"
2/6/2017,"280,000"
2/7/2017,"264,000"
2/8/2017,"263,000"
2/9/2017,"284,000"
2/10/2017,"300,000"
2/11/2017,"340,000"
2/12/2017,"341,000"
2/13/2017,"354,000"
2/14/2017,"367,000"
2/15/2017,"342,000"
2/16/2017,"322,000"
2/17/2017,"316,000"
2/18/2017,"315,000"
2/19/2017,"312,000"
2/20/2017,"294,000"
2/21/2017,"267,000"
2/22/2017,"231,000"
2/23/2017,"215,000"
2/24/2017,"199,000"
2/25/2017,"192,000"
2/26/2017,"182,000"
2/27/2017,"167,000"
2/28/2017,"205,000"
3/1/2017,"217,000"
3/2/2017,"267,000"
3/3/2017,"339,000"
3/4/2017,"426,000"
3/5/2017,"484,000"
3/6/2017,"509,000"
3/7/2017,"539,000"
3/8/2017,"551,000"
3/9/2017,"546,000"
3/10/2017,"548,000"
3/11/2017,"505,000"
3/12/2017,"465,000"
3/13/2017,"442,000"
3/14/2017,"436,000"
3/15/2017,"422,000"
3/16/2017,"387,000"
3/17/2017,"328,000"
3/18/2017,"270,000"
3/19/2017,"246,000"
3/20/2017,"221,000"
3/21/2017,"227,000"
3/22/2017,"242,000"
3/23/2017,"268,000"
3/24/2017,"283,000"
3/25/2017,"298,000"
3/26/2017,"303,000"
3/27/2017,"266,000"
3/28/2017,"242,000"
3/29/2017,"271,000"
3/30/2017,"292,000"
3/31/2017,"314,000"
4/1/2017,"322,000"
4/2/2017,"334,000"
4/3/2017,"355,000"
4/4/2017,"410,000"
4/5/2017,"445,000"
4/6/2017,"480,000"
4/7/2017,"476,000"
4/8/2017,"445,000"
4/9/2017,"426,000"
4/10/2017,"440,000"
4/11/2017,"457,000"
4/12/2017,"452,000"
4/13/2017,"460,000"
4/14/2017,"473,000"
4/15/2017,"431,000"
4/16/2017,"372,000"
4/17/2017,"332,000"
4/18/2017,"318,000"
4/19/2017,"304,000"
4/20/2017,"285,000"
4/21/2017,"301,000"
4/22/2017,"308,000"
4/23/2017,"336,000"
4/24/2017,"453,000"
4/25/2017,"507,000"
4/26/2017,"533,000"
4/27/2017,"601,000"
4/28/2017,"634,000"
4/29/2017,"658,000"
4/30/2017,"700,000"
5/1/2017,"696,000"
5/2/2017,"673,000"
5/3/2017,"645,000"
5/4/2017,"589,000"
5/5/2017,"562,000"
5/6/2017,"517,000"
5/7/2017,"527,000"
5/8/2017,"536,000"
5/9/2017,"549,000"
5/10/2017,"584,000"
5/11/2017,"677,000"
5/12/2017,"732,000"
5/13/2017,"755,000"
5/14/2017,"764,000"
5/15/2017,"759,000"
5/16/2017,"757,000"
5/17/2017,"739,000"
5/18/2017,"727,000"
5/19/2017,"699,000"
5/20/2017,"658,000"
5/21/2017,"588,000"
5/22/2017,"509,000"
5/23/2017,"472,000"
5/24/2017,"462,000"
5/25/2017,"442,000"
5/26/2017,"435,000"
5/27/2017,"433,000"
5/28/2017,"458,000"
5/29/2017,"517,000"
5/30/2017,"543,000"
5/31/2017,"549,000"
6/1/2017,"548,000"
6/2/2017,"508,000"
6/3/2017,"469,000"
6/4/2017,"433,000"
6/5/2017,"406,000"
6/6/2017,"361,000"
6/7/2017,"313,000"
6/8/2017,"314,000"
6/9/2017,"336,000"
6/10/2017,"329,000"
6/11/2017,"291,000"
6/12/2017,"215,000"
6/13/2017,"192,000"
6/14/2017,"184,000"
6/15/2017,"168,000"
6/16/2017,"159,000"
6/17/2017,"167,000"
6/18/2017,"179,000"
6/19/2017,"207,000"
6/20/2017,"221,000"
6/21/2017,"257,000"
6/22/2017,"298,000"
6/23/2017,"338,000"
6/24/2017,"370,000"
6/25/2017,"380,000"
6/26/2017,"412,000"
6/27/2017,"437,000"
6/28/2017,"456,000"
6/29/2017,"467,000"
6/30/2017,"437,000"
7/1/2017,"361,000"
7/2/2017,"248,000"
7/3/2017,"207,000"
7/4/2017,"212,000"
7/5/2017,"237,000"
7/6/2017,"295,000"
7/7/2017,"347,000"
7/8/2017,"375,000"
7/9/2017,"379,000"
7/10/2017,"384,000"
7/11/2017,"353,000"
7/12/2017,"327,000"
7/13/2017,"275,000"
7/14/2017,"259,000"
7/15/2017,"258,000"
7/16/2017,"263,000"
7/17/2017,"264,000"
7/18/2017,"269,000"
7/19/2017,"283,000"
7/20/2017,"277,000"
7/21/2017,"239,000"
7/22/2017,"190,000"
7/23/2017,"197,000"
7/24/2017,"203,000"
7/25/2017,"235,000"
7/26/2017,"234,000"
7/27/2017,"242,000"
7/28/2017,"277,000"
7/29/2017,"279,000"
7/30/2017,"267,000"
7/31/2017,"251,000"
8/1/2017,"251,000"
8/2/2017,"273,000"
8/3/2017,"298,000"
8/4/2017,"295,000"
8/5/2017,"217,000"
8/6/2017,"149,000"
8/7/2017,"108,000"
8/8/2017,"134,000"
8/9/2017,"137,000"
8/10/2017,"125,000"
8/11/2017,"127,000"
8/12/2017,"122,000"
8/13/2017,"133,000"
8/14/2017,"144,000"
8/15/2017,"134,000"
8/16/2017,"147,000"
8/17/2017,"107,000"
8/18/2017,"124,000"
8/19/2017,"148,000"
8/20/2017,"130,000"
8/21/2017,"151,000"
8/22/2017,"153,000"
8/23/2017,"122,000"
8/24/2017,"140,000"
8/25/2017,"143,000"
8/26/2017,"143,000"
8/27/2017,"124,000"
8/28/2017,"103,000"
8/29/2017,"107,000"
8/30/2017,"135,000"
8/31/2017,"196,000"
9/1/2017,"199,000"
9/2/2017,"212,000"
9/3/2017,"304,000"
9/4/2017,"338,000"
9/5/2017,"265,000"
9/6/2017,"199,000"
9/7/2017,"166,000"
9/8/2017,"153,000"
9/9/2017,"159,000"
9/10/2017,"169,000"
9/11/2017,"164,000"
9/12/2017,"148,000"
9/13/2017,"114,000"
9/14/2017,"124,000"
9/15/2017,"135,000"
9/16/2017,"109,000"
9/17/2017,"76,700"
9/18/2017,"94,600"
9/19/2017,"110,000"
9/20/2017,"108,000"
9/21/2017,"107,000"
9/22/2017,"88,500"
9/23/2017,"97,600"
9/24/2017,"102,000"
9/25/2017,"81,500"
9/26/2017,"80,400"
9/27/2017,"85,800"
9/28/2017,"62,700"
9/29/2017,"52,400"
9/30/2017,"54,500"
10/1/2017,"59,200"
10/2/2017,"66,200"
10/3/2017,"61,000"
10/4/2017,"57,500"
10/5/2017,"60,100"
10/6/2017,"60,700"
10/7/2017,"62,900"
10/8/2017,"63,400"
10/9/2017,"104,000"
10/10/2017,"193,000"
10/11/2017,"197,000"
10/12/2017,"215,000"
10/13/2017,"228,000"
10/14/2017,"186,000"
10/15/2017,"143,000"
10/16/2017,"144,000"
10/17/2017,"156,000"
10/18/2017,"150,000"
10/19/2017,"130,000"
10/20/2017,"140,000"
10/21/2017,"133,000"
10/22/2017,"126,000"
10/23/2017,"108,000"
10/24/2017,"116,000"
10/25/2017,"131,000"
10/26/2017,"156,000"
10/27/2017,"180,000"
10/28/2017,"217,000"
10/29/2017,"226,000"
10/30/2017,"212,000"
10/31/2017,"198,000"
11/1/2017,"195,000"
11/2/2017,"199,000"
11/3/2017,"217,000"
11/4/2017,"224,000"
11/5/2017,"226,000"
11/6/2017,"247,000"
11/7/2017,"258,000"
11/8/2017,"331,000"
11/9/2017,"417,000"
11/10/2017,"466,000"
11/11/2017,"497,000"
11/12/2017,"514,000"
11/13/2017,"512,000"
11/14/2017,"462,000"
11/15/2017,"374,000"
11/16/2017,"315,000"
11/17/2017,"270,000"
11/18/2017,"243,000"
11/19/2017,"228,000"
11/20/2017,"213,000"
11/21/2017,"233,000"
11/22/2017,"264,000"
11/23/2017,"279,000"
11/24/2017,"299,000"
11/25/2017,"316,000"
11/26/2017,"307,000"
11/27/2017,"285,000"
11/28/2017,"277,000"
11/29/2017,"263,000"
11/30/2017,"231,000"
12/1/2017,"214,000"
12/2/2017,"208,000"
12/3/2017,"215,000"
12/4/2017,"194,000"
12/5/2017,"183,000"
12/6/2017,"164,000"
12/7/2017,"167,000"
12/8/2017,"165,000"
12/9/2017,"154,000"
12/10/2017,"123,000"
12/11/2017,"141,000"
12/12/2017,"150,000"
12/13/2017,"125,000"
12/14/2017,"131,000"
12/15/2017,"126,000"
12/16/2017,"115,000"
12/17/2017,"119,000"
12/18/2017,"125,000"
12/19/2017,"140,000"
12/20/2017,"150,000"
12/21/2017,"147,000"
12/22/2017,"172,000"
12/23/2017,"243,000"
12/24/2017,"301,000"
12/25/2017,"357,000"
12/26/2017,"439,000"
12/27/2017,"461,000"
12/28/2017,"474,000"
12/29/2017,"435,000"
12/30/2017,"395,000"
12/31/2017,"349,000"
1/1/2018,"306,000"
1/2/2018,"274,000"
1/3/2018,"225,000"
1/4/2018,"195,000"
1/5/2018,"168,000"
1/6/2018,"156,000"
1/7/2018,"170,000"
1/8/2018,"152,000"
1/9/2018,"140,000"
1/10/2018,"116,000"
1/11/2018,"121,000"
1/12/2018,"146,000"
1/13/2018,"205,000"
1/14/2018,"222,000"
1/15/2018,"265,000"
1/16/2018,"338,000"
1/17/2018,"408,000"
1/18/2018,"453,000"
1/19/2018,"460,000"
1/20/2018,"449,000"
1/21/2018,"395,000"
1/22/2018,"331,000"
1/23/2018,"296,000"
1/24/2018,"298,000"
1/25/2018,"303,000"
1/26/2018,"318,000"
1/27/2018,"334,000"
1/28/2018,"363,000"
1/29/2018,"380,000"
1/30/2018,"373,000"
1/31/2018,"361,000"
2/1/2018,"360,000"
2/2/2018,"357,000"
2/3/2018,"345,000"
2/4/2018,"308,000"
2/5/2018,"299,000"
2/6/2018,"284,000"
2/7/2018,"273,000"
2/8/2018,"305,000"
2/9/2018,"380,000"
2/10/2018,"496,000"
2/11/2018,"579,000"
2/12/2018,"687,000"
2/13/2018,"763,000"
2/14/2018,"784,000"
2/15/2018,"809,000"
2/16/2018,"824,000"
2/17/2018,"834,000"
2/18/2018,"853,000"
2/19/2018,"879,000"
2/20/2018,"903,000"
2/21/2018,"946,000"
2/22/2018,"971,000"
2/23/2018,"1,010,000"
2/24/2018,"1,060,000"
2/25/2018,"1,110,000"
2/26/2018,"1,130,000"
2/27/2018,"1,120,000"
2/28/2018,"1,100,000"
3/1/2018,"1,110,000"
3/2/2018,"1,080,000"
3/3/2018,"1,060,000"
3/4/2018,"1,040,000"
3/5/2018,"1,090,000"
3/6/2018,"1,140,000"
3/7/2018,"1,110,000"
3/8/2018,"1,080,000"
3/9/2018,"1,060,000"
3/10/2018,"1,040,000"
3/11/2018,"1,050,000"
3/12/2018,"1,030,000"
3/13/2018,"979,000"
3/14/2018,"933,000"
3/15/2018,"872,000"
3/16/2018,"814,000"
3/17/2018,"726,000"
3/18/2018,"645,000"
3/19/2018,"562,000"
3/20/2018,"478,000"
3/21/2018,"405,000"
3/22/2018,"357,000"
3/23/2018,"346,000"
3/24/2018,"367,000"
3/25/2018,"413,000"
3/26/2018,"471,000"
3/27/2018,"545,000"
3/28/2018,"577,000"
3/29/2018,"602,000"
3/30/2018,"680,000"
3/31/2018,"697,000"
4/1/2018,"701,000"
4/2/2018,"711,000"
4/3/2018,"703,000"
4/4/2018,"740,000"
4/5/2018,"764,000"
4/6/2018,"794,000"
4/7/2018,"813,000"
4/8/2018,"810,000"
4/9/2018,"830,000"
4/10/2018,"846,000"
4/11/2018,"867,000"
4/12/2018,"890,000"
4/13/2018,"899,000"
4/14/2018,"897,000"
4/15/2018,"864,000"
4/16/2018,"843,000"
4/17/2018,"806,000"
4/18/2018,"763,000"
4/19/2018,"697,000"
4/20/2018,"659,000"
4/21/2018,"633,000"
4/22/2018,"632,000"
4/23/2018,"654,000"
4/24/2018,"689,000"
4/25/2018,"742,000"
4/26/2018,"770,000"
4/27/2018,"773,000"
4/28/2018,"745,000"
4/29/2018,"712,000"
4/30/2018,"681,000"
5/1/2018,"649,000"
5/2/2018,"547,000"
5/3/2018,"392,000"
5/4/2018,"294,000"
5/5/2018,"264,000"
5/6/2018,"251,000"
5/7/2018,"247,000"
5/8/2018,"268,000"
5/9/2018,"300,000"
5/10/2018,"339,000"
5/11/2018,"412,000"
5/12/2018,"412,000"
5/13/2018,"347,000"
5/14/2018,"280,000"
5/15/2018,"218,000"
5/16/2018,"189,000"
5/17/2018,"206,000"
5/18/2018,"236,000"
5/19/2018,"261,000"
5/20/2018,"296,000"
5/21/2018,"296,000"
5/22/2018,"308,000"
5/23/2018,"312,000"
5/24/2018,"303,000"
5/25/2018,"320,000"
5/26/2018,"333,000"
5/27/2018,"331,000"
5/28/2018,"358,000"
5/29/2018,"354,000"
5/30/2018,"337,000"
5/31/2018,"343,000"
6/1/2018,"355,000"
6/2/2018,"379,000"
6/3/2018,"374,000"
6/4/2018,"340,000"
6/5/2018,"304,000"
6/6/2018,"288,000"
6/7/2018,"266,000"
6/8/2018,"242,000"
6/9/2018,"230,000"
6/10/2018,"202,000"
6/11/2018,"165,000"
6/12/2018,"188,000"
6/13/2018,"230,000"
6/14/2018,"271,000"
6/15/2018,"302,000"
6/16/2018,"296,000"
6/17/2018,"285,000"
6/18/2018,"276,000"
6/19/2018,"222,000"
6/20/2018,"179,000"
6/21/2018,"175,000"
6/22/2018,"168,000"
6/23/2018,"194,000"
6/24/2018,"236,000"
6/25/2018,"286,000"
6/26/2018,"345,000"
6/27/2018,"390,000"
6/28/2018,"412,000"
6/29/2018,"430,000"
6/30/2018,"424,000"
7/1/2018,"391,000"
7/2/2018,"377,000"
7/3/2018,"341,000"
7/4/2018,"285,000"
7/5/2018,"238,000"
7/6/2018,"224,000"
7/7/2018,"221,000"
7/8/2018,"196,000"
7/9/2018,"181,000"
7/10/2018,"169,000"
7/11/2018,"151,000"
7/12/2018,"126,000"
7/13/2018,"96,900"
7/14/2018,"101,000"
7/15/2018,"86,400"
7/16/2018,"96,700"
7/17/2018,"113,000"
7/18/2018,"88,600"
7/19/2018,"108,000"
7/20/2018,"115,000"
7/21/2018,"126,000"
7/22/2018,"138,000"
7/23/2018,"146,000"
7/24/2018,"133,000"
7/25/2018,"133,000"
7/26/2018,"133,000"
7/27/2018,"127,000"
7/28/2018,"109,000"
7/29/2018,"105,000"
7/30/2018,"111,000"
7/31/2018,"109,000"
8/1/2018,"114,000"
8/2/2018,"138,000"
8/3/2018,"153,000"
8/4/2018,"162,000"
8/5/2018,"154,000"
8/6/2018,"150,000"
8/7/2018,"141,000"
8/8/2018,"145,000"
8/9/2018,"132,000"
8/10/2018,"117,000"
8/11/2018,"139,000"
8/12/2018,"152,000"
8/13/2018,"133,000"
8/14/2018,"142,000"
8/15/2018,"145,000"
8/16/2018,"154,000"
8/17/2018,"154,000"
8/18/2018,"159,000"
8/19/2018,"170,000"
8/20/2018,"165,000"
8/21/2018,"169,000"
8/22/2018,"166,000"
8/23/2018,"153,000"
8/24/2018,"145,000"
8/25/2018,"148,000"
8/26/2018,"159,000"
8/27/2018,"145,000"
8/28/2018,"112,000"
8/29/2018,"133,000"
8/30/2018,"123,000"
8/31/2018,"98,400"
9/1/2018,"108,000"
9/2/2018,"104,000"
9/3/2018,"109,000"
9/4/2018,"108,000"
9/5/2018,"99,800"
9/6/2018,"107,000"
9/7/2018,"96,800"
9/8/2018,"95,400"
9/9/2018,"155,000"
9/10/2018,"282,000"
9/11/2018,"387,000"
9/12/2018,"464,000"
9/13/2018,"491,000"
9/14/2018,"483,000"
9/15/2018,"490,000"
9/16/2018,"498,000"
9/17/2018,"500,000"
9/18/2018,"516,000"
9/19/2018,"496,000"
9/20/2018,"377,000"
9/21/2018,"319,000"
9/22/2018,"322,000"
9/23/2018,"330,000"
9/24/2018,"327,000"
9/25/2018,"324,000"
9/26/2018,"387,000"
9/27/2018,"455,000"
9/28/2018,"481,000"
9/29/2018,"496,000"
9/30/2018,"490,000"
10/1/2018,"489,000"
10/2/2018,"483,000"
10/3/2018,"491,000"
10/4/2018,"490,000"
10/5/2018,"475,000"
10/6/2018,"409,000"
10/7/2018,"316,000"
10/8/2018,"291,000"
10/9/2018,"281,000"
10/10/2018,"264,000"
10/11/2018,"249,000"
10/12/2018,"225,000"
10/13/2018,"215,000"
10/14/2018,"214,000"
10/15/2018,"258,000"
10/16/2018,"287,000"
10/17/2018,"304,000"
10/18/2018,"310,000"
10/19/2018,"304,000"
10/20/2018,"299,000"
10/21/2018,"277,000"
10/22/2018,"244,000"
10/23/2018,"221,000"
10/24/2018,"207,000"
10/25/2018,"193,000"
10/26/2018,"186,000"
10/27/2018,"182,000"
10/28/2018,"176,000"
10/29/2018,"173,000"
10/30/2018,"178,000"
10/31/2018,"210,000"
11/1/2018,"293,000"
11/2/2018,"377,000"
11/3/2018,"437,000"
11/4/2018,"477,000"
11/5/2018,"504,000"
11/6/2018,"525,000"
11/7/2018,"543,000"
11/8/2018,"564,000"
11/9/2018,"601,000"
11/10/2018,"598,000"
11/11/2018,"605,000"
11/12/2018,"598,000"
11/13/2018,"593,000"
11/14/2018,"621,000"
11/15/2018,"642,000"
11/16/2018,"626,000"
11/17/2018,"605,000"
11/18/2018,"598,000"
11/19/2018,"610,000"
11/20/2018,"627,000"
11/21/2018,"629,000"
11/22/2018,"638,000"
11/23/2018,"626,000"
11/24/2018,"604,000"
11/25/2018,"560,000"
11/26/2018,"516,000"
11/27/2018,"497,000"
11/28/2018,"461,000"
11/29/2018,"450,000"
11/30/2018,"448,000"
12/1/2018,"478,000"
12/2/2018,"490,000"
12/3/2018,"523,000"
12/4/2018,"571,000"
12/5/2018,"613,000"
12/6/2018,"632,000"
12/7/2018,"617,000"
12/8/2018,"618,000"
12/9/2018,"615,000"
12/10/2018,"592,000"
12/11/2018,"570,000"
12/12/2018,"516,000"
12/13/2018,"466,000"
12/14/2018,"430,000"
12/15/2018,"459,000"
12/16/2018,"518,000"
12/17/2018,"556,000"
12/18/2018,"594,000"
12/19/2018,"623,000"
12/20/2018,"644,000"
12/21/2018,"659,000"
12/22/2018,"687,000"
12/23/2018,"705,000"
12/24/2018,"714,000"
12/25/2018,"713,000"
12/26/2018,"705,000"
12/27/2018,"716,000"
12/28/2018,"766,000"
12/29/2018,"776,000"
12/30/2018,"768,000"
12/31/2018,"782,000"
1/1/2019,"822,000"
1/2/2019,"849,000"
1/3/2019,"842,000"
1/4/2019,"884,000"
1/5/2019,"925,000"
1/6/2019,"904,000"
1/7/2019,"903,000"
1/8/2019,"922,000"
1/9/2019,"919,000"
1/10/2019,"888,000"
1/11/2019,"849,000"
1/12/2019,"805,000"
1/13/2019,"781,000"
1/14/2019,"721,000"
1/15/2019,"662,000"
1/16/2019,"599,000"
1/17/2019,"520,000"
1/18/2019,"471,000"
1/19/2019,"493,000"
1/20/2019,"512,000"
1/21/2019,"564,000"
1/22/2019,"634,000"
1/23/2019,"721,000"
1/24/2019,"784,000"
1/25/2019,"817,000"
1/26/2019,"824,000"
1/27/2019,"825,000"
1/28/2019,"865,000"
1/29/2019,"870,000"
1/30/2019,"865,000"
1/31/2019,"847,000"
2/1/2019,"878,000"
2/2/2019,"868,000"
2/3/2019,"858,000"
2/4/2019,"825,000"
2/5/2019,"719,000"
2/6/2019,"598,000"
2/7/2019,"570,000"
2/8/2019,"677,000"
2/9/2019,"753,000"
2/10/2019,"832,000"
2/11/2019,"877,000"
2/12/2019,"953,000"
2/13/2019,"999,000"
2/14/2019,"1,010,000"
2/15/2019,"1,030,000"
2/16/2019,"1,040,000"
2/17/2019,"1,090,000"
2/18/2019,"1,100,000"
2/19/2019,"1,060,000"
2/20/2019,"1,120,000"
2/21/2019,"1,100,000"
2/22/2019,"1,090,000"
2/23/2019,"1,160,000"
2/24/2019,"1,240,000"
2/25/2019,"1,180,000"
2/26/2019,"1,210,000"
2/27/2019,"1,200,000"
2/28/2019,"1,150,000"
3/1/2019,"1,170,000"
3/2/2019,"1,170,000"
3/3/2019,"1,170,000"
3/4/2019,"1,210,000"
3/5/2019,"1,210,000"
3/6/2019,"1,200,000"
3/7/2019,"1,080,000"
3/8/2019,"1,010,000"
3/9/2019,"1,040,000"
3/10/2019,"1,100,000"
3/11/2019,"1,050,000"
3/12/2019,"1,030,000"
3/13/2019,"1,030,000"
3/14/2019,"1,040,000"
3/15/2019,"1,070,000"
3/16/2019,"1,050,000"
3/17/2019,"1,040,000"
3/18/2019,"1,000,000"
3/19/2019,"976,000"
3/20/2019,"928,000"
3/21/2019,"844,000"
3/22/2019,"739,000"
3/23/2019,"659,000"
3/24/2019,"602,000"
3/25/2019,"543,000"
3/26/2019,"463,000"
3/27/2019,"403,000"
3/28/2019,"368,000"
3/29/2019,"355,000"
3/30/2019,"348,000"
3/31/2019,"357,000"
4/1/2019,"377,000"
4/2/2019,"414,000"
4/3/2019,"388,000"
4/4/2019,"362,000"
4/5/2019,"358,000"
4/6/2019,"350,000"
4/7/2019,"351,000"
4/8/2019,"374,000"
4/9/2019,"406,000"
4/10/2019,"403,000"
4/11/2019,"389,000"
4/12/2019,"396,000"
4/13/2019,"384,000"
4/14/2019,"408,000"
4/15/2019,"441,000"
4/16/2019,"501,000"
4/17/2019,"533,000"
4/18/2019,"560,000"
4/19/2019,"587,000"
4/20/2019,"608,000"
4/21/2019,"635,000"
4/22/2019,"666,000"
4/23/2019,"682,000"
4/24/2019,"694,000"
4/25/2019,"696,000"
4/26/2019,"687,000"
4/27/2019,"687,000"
4/28/2019,"674,000"
4/29/2019,"651,000"
4/30/2019,"626,000"
5/1/2019,"597,000"
5/2/2019,"608,000"
5/3/2019,"608,000"
5/4/2019,"601,000"
5/5/2019,"598,000"
5/6/2019,"578,000"
5/7/2019,"545,000"
5/8/2019,"510,000"
5/9/2019,"493,000"
5/10/2019,"505,000"
5/11/2019,"541,000"
5/12/2019,"554,000"
5/13/2019,"528,000"
5/14/2019,"478,000"
5/15/2019,"447,000"
5/16/2019,"415,000"
5/17/2019,"378,000"
5/18/2019,"395,000"
5/19/2019,"406,000"
5/20/2019,"401,000"
5/21/2019,"405,000"
5/22/2019,"390,000"
5/23/2019,"359,000"
5/24/2019,"294,000"
5/25/2019,"252,000"
5/26/2019,"225,000"
5/27/2019,"207,000"
5/28/2019,"199,000"
5/29/2019,"197,000"
5/30/2019,"222,000"
5/31/2019,"246,000"
6/1/2019,"248,000"
6/2/2019,"264,000"
6/3/2019,"290,000"
6/4/2019,"315,000"
6/5/2019,"319,000"
6/6/2019,"319,000"
6/7/2019,"314,000"
6/8/2019,"319,000"
6/9/2019,"321,000"
6/10/2019,"309,000"
6/11/2019,"314,000"
6/12/2019,"319,000"
6/13/2019,"301,000"
6/14/2019,"285,000"
6/15/2019,"306,000"
6/16/2019,"307,000"
6/17/2019,"281,000"
6/18/2019,"316,000"
6/19/2019,"386,000"
6/20/2019,"457,000"
6/21/2019,"503,000"
6/22/2019,"522,000"
6/23/2019,"563,000"
6/24/2019,"584,000"
6/25/2019,"576,000"
6/26/2019,"591,000"
6/27/2019,"604,000"
6/28/2019,"606,000"
6/29/2019,"598,000"
6/30/2019,"628,000"
7/1/2019,"603,000"
7/2/2019,"558,000"
7/3/2019,"524,000"
7/4/2019,"468,000"
7/5/2019,"404,000"
7/6/2019,"362,000"
7/7/2019,"353,000"
7/8/2019,"334,000"
7/9/2019,"312,000"
7/10/2019,"311,000"
7/11/2019,"322,000"
7/12/2019,"327,000"
7/13/2019,"300,000"
7/14/2019,"278,000"
7/15/2019,"257,000"
7/16/2019,"255,000"
7/17/2019,"269,000"
7/18/2019,"241,000"
7/19/2019,"225,000"
7/20/2019,"218,000"
7/21/2019,"221,000"
7/22/2019,"241,000"
7/23/2019,"257,000"
7/24/2019,"272,000"
7/25/2019,"289,000"
7/26/2019,"302,000"
7/27/2019,"303,000"
7/28/2019,"290,000"
7/29/2019,"231,000"
7/30/2019,"157,000"
7/31/2019,"140,000"
8/1/2019,"143,000"
8/2/2019,"129,000"
8/3/2019,"135,000"
8/4/2019,"119,000"
8/5/2019,"129,000"
8/6/2019,"137,000"
8/7/2019,"137,000"
8/8/2019,"104,000"
8/9/2019,"138,000"
8/10/2019,"151,000"
8/11/2019,"161,000"
8/12/2019,"121,000"
8/13/2019,"134,000"
8/14/2019,"127,000"
8/15/2019,"134,000"
8/16/2019,"150,000"
8/17/2019,"129,000"
8/18/2019,"137,000"
8/19/2019,"116,000"
8/20/2019,"103,000"
8/21/2019,"95,700"
8/22/2019,"122,000"
8/23/2019,"168,000"
8/24/2019,"114,000"
8/25/2019,"135,000"
8/26/2019,"152,000"
8/27/2019,"164,000"
8/28/2019,"163,000"
8/29/2019,"146,000"
8/30/2019,"134,000"
8/31/2019,"137,000"
9/1/2019,"153,000"
9/2/2019,"89,700"
9/3/2019,"110,000"
9/4/2019,"121,000"
9/5/2019,"121,000"
9/6/2019,"96,000"
9/7/2019,"80,400"
9/8/2019,"88,100"
9/9/2019,"84,100"
9/10/2019,"65,200"
9/11/2019,"78,500"
9/12/2019,"93,700"
9/13/2019,"57,200"
9/14/2019,"85,100"
9/15/2019,"69,600"
9/16/2019,"88,400"
9/17/2019,"80,200"
9/18/2019,"84,200"
9/19/2019,"72,000"
9/20/2019,"66,700"
9/21/2019,"80,400"
9/22/2019,"60,800"
9/23/2019,"92,400"
9/24/2019,"59,100"
9/25/2019,"61,400"
9/26/2019,"73,600"
9/27/2019,"57,000"
9/28/2019,"58,400"
9/29/2019,"55,800"
9/30/2019,"68,300"
10/1/2019,"63,300"
10/2/2019,"76,400"
10/3/2019,"88,600"
10/4/2019,"42,000"
10/5/2019,"85,800"
10/6/2019,"68,600"
10/7/2019,"60,000"
10/8/2019,"74,900"
10/9/2019,"89,100"
10/10/2019,"97,700"
10/11/2019,"58,200"
10/12/2019,"68,200"
10/13/2019,"55,200"
10/14/2019,"63,100"
10/15/2019,"70,600"
10/16/2019,"51,900"
10/17/2019,"59,900"
10/18/2019,"77,200"
10/19/2019,"77,100"
10/20/2019,"70,600"
10/21/2019,"89,800"
10/22/2019,"79,300"
10/23/2019,"78,300"
10/24/2019,"82,800"
10/25/2019,"115,000"
10/26/2019,"133,000"
10/27/2019,"155,000"
10/28/2019,"160,000"
10/29/2019,"164,000"
10/30/2019,"196,000"
10/31/2019,"211,000"
11/1/2019,"209,000"
11/2/2019,"214,000"
11/3/2019,"258,000"
11/4/2019,"282,000"
11/5/2019,"280,000"
11/6/2019,"273,000"
11/7/2019,"240,000"
11/8/2019,"211,000"
11/9/2019,"185,000"
11/10/2019,"182,000"
11/11/2019,"173,000"
11/12/2019,"166,000"
11/13/2019,"149,000"
11/14/2019,"130,000"
11/15/2019,"133,000"
11/16/2019,"134,000"
11/17/2019,"126,000"
11/18/2019,"137,000"
11/19/2019,"125,000"
11/20/2019,"118,000"
11/21/2019,"121,000"
11/22/2019,"155,000"
11/23/2019,"150,000"
11/24/2019,"177,000"
11/25/2019,"186,000"
11/26/2019,"204,000"
11/27/2019,"229,000"
11/28/2019,"280,000"
11/29/2019,"305,000"
11/30/2019,"360,000"
12/1/2019,"440,000"
12/2/2019,"523,000"
12/3/2019,"588,000"
12/4/2019,"618,000"
12/5/2019,"621,000"
12/6/2019,"629,000"
12/7/2019,"610,000"
12/8/2019,"539,000"
12/9/2019,"456,000"
12/10/2019,"400,000"
12/11/2019,"356,000"
12/12/2019,"329,000"
12/13/2019,"350,000"
12/14/2019,"390,000"
12/15/2019,"406,000"
12/16/2019,"424,000"
12/17/2019,"468,000"
12/18/2019,"526,000"
12/19/2019,"576,000"
12/20/2019,"637,000"
12/21/2019,"686,000"
12/22/2019,"701,000"
12/23/2019,"703,000"
12/24/2019,"703,000"
12/25/2019,"694,000"
12/26/2019,"631,000"
12/27/2019,"524,000"
12/28/2019,"420,000"
12/29/2019,"391,000"
12/30/2019,"411,000"
12/31/2019,"506,000"
1/1/2020,"596,000"
1/2/2020,"652,000"
1/3/2020,"699,000"
1/4/2020,"743,000"
1/5/2020,"746,000"
1/6/2020,"734,000"
1/7/2020,"758,000"
1/8/2020,"767,000"
1/9/2020,"772,000"
1/10/2020,"766,000"
1/11/2020,"756,000"
1/12/2020,"762,000"
1/13/2020,"786,000"
1/14/2020,"803,000"
1/15/2020,"801,000"
1/16/2020,"788,000"
1/17/2020,"787,000"
1/18/2020,"800,000"
1/19/2020,"809,000"
1/20/2020,"816,000"
1/21/2020,"814,000"
1/22/2020,"801,000"
1/23/2020,"781,000"
1/24/2020,"760,000"
1/25/2020,"740,000"
1/26/2020,"721,000"
1/27/2020,"697,000"
1/28/2020,"665,000"
1/29/2020,"628,000"
1/30/2020,"592,000"
1/31/2020,"554,000"
2/1/2020,"526,000"
2/2/2020,"509,000"
2/3/2020,"488,000"
2/4/2020,"453,000"
2/5/2020,"425,000"
2/6/2020,"450,000"
2/7/2020,"531,000"
2/8/2020,"626,000"
2/9/2020,"693,000"
2/10/2020,"742,000"
2/11/2020,"802,000"
2/12/2020,"878,000"
2/13/2020,"944,000"
2/14/2020,"1,000,000"
2/15/2020,"1,040,000"
2/16/2020,"1,050,000"
2/17/2020,"1,040,000"
2/18/2020,"1,060,000"
2/19/2020,"1,080,000"
2/20/2020,"1,090,000"
2/21/2020,"1,100,000"
2/22/2020,"1,110,000"
2/23/2020,"1,110,000"
2/24/2020,"1,100,000"
2/25/2020,"1,080,000"
2/26/2020,"1,050,000"
2/27/2020,"993,000"
2/28/2020,"908,000"
2/29/2020,"832,000"
3/1/2020,"779,000"
3/2/2020,"736,000"
3/3/2020,"710,000"
3/4/2020,"709,000"
3/5/2020,"722,000"
3/6/2020,"728,000"
3/7/2020,"724,000"
3/8/2020,"720,000"
3/9/2020,"703,000"
3/10/2020,"672,000"
3/11/2020,"648,000"
3/12/2020,"632,000"
3/13/2020,"607,000"
3/14/2020,"579,000"
3/15/2020,"573,000"
3/16/2020,"590,000"
3/17/2020,"614,000"
3/18/2020,"636,000"
3/19/2020,"666,000"
3/20/2020,"711,000"
3/21/2020,"752,000"
3/22/2020,"774,000"
3/23/2020,"795,000"
3/24/2020,"827,000"
3/25/2020,"859,000"
3/26/2020,"861,000"
3/27/2020,"842,000"
3/28/2020,"838,000"
3/29/2020,"853,000"
3/30/2020,"881,000"
3/31/2020,"901,000"
4/1/2020,"909,000"
4/2/2020,"915,000"
4/3/2020,"921,000"
4/4/2020,"915,000"
4/5/2020,"890,000"
4/6/2020,"859,000"
4/7/2020,"818,000"
4/8/2020,"750,000"
4/9/2020,"658,000"
4/10/2020,"573,000"
4/11/2020,"501,000"
4/12/2020,"468,000"
4/13/2020,"521,000"
4/14/2020,"617,000"
4/15/2020,"691,000"
4/16/2020,"737,000"
4/17/2020,"760,000"
4/18/2020,"763,000"
4/19/2020,"760,000"
4/20/2020,"755,000"
4/21/2020,"749,000"
4/22/2020,"737,000"
4/23/2020,"703,000"
4/24/2020,"657,000"
4/25/2020,"621,000"
4/26/2020,"590,000"
4/27/2020,"565,000"
4/28/2020,"557,000"
4/29/2020,"563,000"
4/30/2020,"573,000"
5/1/2020,"573,000"
5/2/2020,"557,000"
5/3/2020,"544,000"
5/4/2020,"546,000"
5/5/2020,"550,000"
5/6/2020,"554,000"
5/7/2020,"560,000"
5/8/2020,"564,000"
5/9/2020,"566,000"
5/10/2020,"566,000"
5/11/2020,"550,000"
5/12/2020,"515,000"
5/13/2020,"477,000"
5/14/2020,"445,000"
5/15/2020,"408,000"
5/16/2020,"352,000"
5/17/2020,"298,000"
5/18/2020,"281,000"
5/19/2020,"298,000"
5/20/2020,"340,000"
5/21/2020,"383,000"
5/22/2020,"431,000"
5/23/2020,"485,000"
5/24/2020,"517,000"
5/25/2020,"531,000"
5/26/2020,"533,000"
5/27/2020,"526,000"
5/28/2020,"532,000"
5/29/2020,"561,000"
5/30/2020,"588,000"
5/31/2020,"600,000"
6/1/2020,"597,000"
6/2/2020,"566,000"
6/3/2020,"525,000"
6/4/2020,"493,000"
6/5/2020,"453,000"
6/6/2020,"394,000"
6/7/2020,"334,000"
6/8/2020,"292,000"
6/9/2020,"273,000"
6/10/2020,"278,000"
6/11/2020,"275,000"
6/12/2020,"233,000"
6/13/2020,"188,000"
6/14/2020,"155,000"
6/15/2020,"130,000"
6/16/2020,"127,000"
6/17/2020,"125,000"
6/18/2020,"114,000"
6/19/2020,"115,000"
6/20/2020,"123,000"
6/21/2020,"124,000"
6/22/2020,"138,000"
6/23/2020,"159,000"
6/24/2020,"162,000"
6/25/2020,"167,000"
6/26/2020,"168,000"
6/27/2020,"150,000"
6/28/2020,"142,000"
6/29/2020,"154,000"
6/30/2020,"205,000"
7/1/2020,"264,000"
7/2/2020,"321,000"
7/3/2020,"361,000"
7/4/2020,"347,000"
7/5/2020,"318,000"
7/6/2020,"265,000"
7/7/2020,"198,000"
7/8/2020,"160,000"
7/9/2020,"143,000"
7/10/2020,"131,000"
7/11/2020,"118,000"
7/12/2020,"120,000"
7/13/2020,"155,000"
7/14/2020,"167,000"
7/15/2020,"157,000"
7/16/2020,"154,000"
7/17/2020,"144,000"
7/18/2020,"130,000"
7/19/2020,"116,000"
7/20/2020,"114,000"
7/21/2020,"114,000"
7/22/2020,"110,000"
7/23/2020,"118,000"
7/24/2020,"128,000"
7/25/2020,"134,000"
7/26/2020,"140,000"
7/27/2020,"144,000"
7/28/2020,"147,000"
7/29/2020,"144,000"
7/30/2020,"135,000"
7/31/2020,"132,000"
8/1/2020,"138,000"
8/2/2020,"182,000"
8/3/2020,"225,000"
8/4/2020,"240,000"
8/5/2020,"256,000"
8/6/2020,"254,000"
8/7/2020,"203,000"
8/8/2020,"156,000"
8/9/2020,"147,000"
8/10/2020,"135,000"
8/11/2020,"131,000"
8/12/2020,"125,000"
8/13/2020,"113,000"
8/14/2020,"110,000"
8/15/2020,"120,000"
8/16/2020,"143,000"
8/17/2020,"149,000"
8/18/2020,"141,000"
8/19/2020,"148,000"
8/20/2020,"143,000"
8/21/2020,"136,000"
8/22/2020,"116,000"
8/23/2020,"105,000"
8/24/2020,"118,000"
8/25/2020,"117,000"
8/26/2020,"122,000"
8/27/2020,"124,000"
8/28/2020,"128,000"
8/29/2020,"139,000"
8/30/2020,"139,000"
8/31/2020,"140,000"
9/1/2020,"151,000"
9/2/2020,"159,000"
9/3/2020,"168,000"
9/4/2020,"206,000"
9/5/2020,"228,000"
9/6/2020,"225,000"
9/7/2020,"236,000"
9/8/2020,"224,000"
9/9/2020,"195,000"
9/10/2020,"159,000"
9/11/2020,"140,000"
9/12/2020,"111,000"
9/13/2020,"109,000"
9/14/2020,"151,000"
9/15/2020,"151,000"
9/16/2020,"165,000"
9/17/2020,"180,000"
9/18/2020,"166,000"
9/19/2020,"153,000"
9/20/2020,"140,000"
9/21/2020,"135,000"
9/22/2020,"118,000"
9/23/2020,"110,000"
9/24/2020,"117,000"
9/25/2020,"125,000"
9/26/2020,"118,000"
9/27/2020,"100,000"
9/28/2020,"109,000"
9/29/2020,"120,000"
9/30/2020,"101,000"
10/1/2020,"117,000"
10/2/2020,"105,000"
10/3/2020,"88,200"
10/4/2020,"102,000"
10/5/2020,"107,000"
10/6/2020,"102,000"
10/7/2020,"93,800"
10/8/2020,"98,900"
10/9/2020,"118,000"
10/10/2020,"121,000"
10/11/2020,"112,000"
10/12/2020,"98,000"
10/13/2020,"94,100"
10/14/2020,"104,000"
10/15/2020,"113,000"
10/16/2020,"112,000"
10/17/2020,"101,000"
10/18/2020,"97,200"
10/19/2020,"111,000"
10/20/2020,"127,000"
10/21/2020,"142,000"
10/22/2020,"150,000"
10/23/2020,"140,000"
10/24/2020,"121,000"
10/25/2020,"125,000"
10/26/2020,"143,000"
10/27/2020,"133,000"
10/28/2020,"145,000"
10/29/2020,"184,000"
10/30/2020,"253,000"
10/31/2020,"334,000"
11/1/2020,"385,000"
11/2/2020,"395,000"
11/3/2020,"361,000"
11/4/2020,"305,000"
11/5/2020,"248,000"
11/6/2020,"223,000"
11/7/2020,"203,000"
11/8/2020,"196,000"
11/9/2020,"179,000"
11/10/2020,"159,000"
11/11/2020,"151,000"
11/12/2020,"158,000"
11/13/2020,"168,000"
11/14/2020,"196,000"
11/15/2020,"219,000"
11/16/2020,"233,000"
11/17/2020,"237,000"
11/18/2020,"218,000"
11/19/2020,"195,000"
11/20/2020,"187,000"
11/21/2020,"180,000"
11/22/2020,"172,000"
11/23/2020,"159,000"
11/24/2020,"166,000"
11/25/2020,"196,000"
11/26/2020,"235,000"
11/27/2020,"268,000"
11/28/2020,"275,000"
11/29/2020,"265,000"
11/30/2020,"251,000"
12/1/2020,"233,000"
12/2/2020,"235,000"
12/3/2020,"248,000"
12/4/2020,"261,000"
12/5/2020,"268,000"
12/6/2020,"263,000"
12/7/2020,"247,000"
12/8/2020,"241,000"
12/9/2020,"244,000"
12/10/2020,"249,000"
12/11/2020,"244,000"
12/12/2020,"224,000"
12/13/2020,"202,000"
12/14/2020,"196,000"
12/15/2020,"207,000"
12/16/2020,"218,000"
12/17/2020,"233,000"
12/18/2020,"257,000"
12/19/2020,"267,000"
12/20/2020,"279,000"
12/21/2020,"294,000"
12/22/2020,"293,000"
12/23/2020,"280,000"
12/24/2020,"281,000"
12/25/2020,"278,000"
12/26/2020,"275,000"
12/27/2020,"306,000"
12/28/2020,"344,000"
12/29/2020,"370,000"
12/30/2020,"387,000"
12/31/2020,"404,000"
1/1/2021,"429,000"
1/2/2021,"474,000"
1/3/2021,"517,000"
1/4/2021,"551,000"
1/5/2021,"566,000"
1/6/2021,"560,000"
1/7/2021,"558,000"
1/8/2021,"550,000"
1/9/2021,"531,000"
1/10/2021,"500,000"
1/11/2021,"426,000"
1/12/2021,"324,000"
1/13/2021,"261,000"
1/14/2021,"220,000"
1/15/2021,"201,000"
1/16/2021,"187,000"
1/17/2021,"177,000"
1/18/2021,"165,000"
1/19/2021,"157,000"
1/20/2021,"153,000"
1/21/2021,"140,000"
1/22/2021,"136,000"
1/23/2021,"140,000"
1/24/2021,"149,000"
1/25/2021,"180,000"
1/26/2021,"251,000"
1/27/2021,"327,000"
1/28/2021,"381,000"
1/29/2021,"419,000"
1/30/2021,"450,000"
1/31/2021,"464,000"
2/1/2021,"455,000"
2/2/2021,"424,000"
2/3/2021,"400,000"
2/4/2021,"408,000"
2/5/2021,"418,000"
2/6/2021,"410,000"
2/7/2021,"374,000"
2/8/2021,"327,000"
2/9/2021,"301,000"
2/10/2021,"287,000"
2/11/2021,"268,000"
2/12/2021,"261,000"
2/13/2021,"257,000"
2/14/2021,"267,000"
2/15/2021,"277,000"
2/16/2021,"276,000"
2/17/2021,"281,000"
2/18/2021,"299,000"
2/19/2021,"308,000"
2/20/2021,"314,000"
2/21/2021,"318,000"
2/22/2021,"321,000"
2/23/2021,"346,000"
2/24/2021,"398,000"
2/25/2021,"449,000"
2/26/2021,"511,000"
2/27/2021,"560,000"
2/28/2021,"617,000"
3/1/2021,"728,000"
3/2/2021,"854,000"
3/3/2021,"928,000"
3/4/2021,"948,000"
3/5/2021,"924,000"
3/6/2021,"893,000"
3/7/2021,"864,000"
3/8/2021,"831,000"
3/9/2021,"800,000"
3/10/2021,"782,000"
3/11/2021,"771,000"
3/12/2021,"760,000"
3/13/2021,"741,000"
3/14/2021,"710,000"
3/15/2021,"674,000"
3/16/2021,"631,000"
3/17/2021,"576,000"
3/18/2021,"540,000"
3/19/2021,"548,000"
3/20/2021,"580,000"
3/21/2021,"607,000"
3/22/2021,"617,000"
3/23/2021,"607,000"
3/24/2021,"619,000"
3/25/2021,"662,000"
3/26/2021,"704,000"
3/27/2021,"713,000"
3/28/2021,"718,000"
3/29/2021,"786,000"
3/30/2021,"882,000"
3/31/2021,"918,000"
4/1/2021,"904,000"
4/2/2021,"902,000"
4/3/2021,"892,000"
4/4/2021,"879,000"
4/5/2021,"869,000"
4/6/2021,"848,000"
4/7/2021,"804,000"
4/8/2021,"697,000"
4/9/2021,"525,000"
4/10/2021,"461,000"
4/11/2021,"436,000"
4/12/2021,"404,000"
4/13/2021,"378,000"
4/14/2021,"355,000"
4/15/2021,"321,000"
4/16/2021,"286,000"
4/17/2021,"278,000"
4/18/2021,"274,000"
4/19/2021,"275,000"
4/20/2021,"251,000"
4/21/2021,"228,000"
4/22/2021,"199,000"
4/23/2021,"180,000"
4/24/2021,"173,000"
4/25/2021,"169,000"
4/26/2021,"159,000"
4/27/2021,"188,000"
4/28/2021,"185,000"
4/29/2021,"193,000"
4/30/2021,"235,000"
5/1/2021,"266,000"
5/2/2021,"312,000"
5/3/2021,"334,000"
5/4/2021,"356,000"
5/5/2021,"410,000"
5/6/2021,"461,000"
5/7/2021,"497,000"
5/8/2021,"530,000"
5/9/2021,"556,000"
5/10/2021,"559,000"
5/11/2021,"503,000"
5/12/2021,"450,000"
5/13/2021,"389,000"
5/14/2021,"367,000"
5/15/2021,"371,000"
5/16/2021,"361,000"
5/17/2021,"332,000"
5/18/2021,"297,000"
5/19/2021,"262,000"
5/20/2021,"235,000"
5/21/2021,"208,000"
5/22/2021,"190,000"
5/23/2021,"177,000"
5/24/2021,"159,000"
5/25/2021,"150,000"
5/26/2021,"130,000"
5/27/2021,"154,000"
5/28/2021,"165,000"
5/29/2021,"140,000"
5/30/2021,"157,000"
5/31/2021,"157,000"
6/1/2021,"160,000"
6/2/2021,"164,000"
6/3/2021,"162,000"
6/4/2021,"180,000"
6/5/2021,"200,000"
6/6/2021,"212,000"
6/7/2021,"201,000"
6/8/2021,"193,000"
6/9/2021,"234,000"
6/10/2021,"246,000"
6/11/2021,"256,000"
6/12/2021,"276,000"
6/13/2021,"287,000"
6/14/2021,"286,000"
6/15/2021,"268,000"
6/16/2021,"244,000"
6/17/2021,"226,000"
6/18/2021,"223,000"
6/19/2021,"206,000"
6/20/2021,"186,000"
6/21/2021,"207,000"
6/22/2021,"221,000"
6/23/2021,"230,000"
6/24/2021,"223,000"
6/25/2021,"231,000"
6/26/2021,"226,000"
6/27/2021,"176,000"
6/28/2021,"187,000"
6/29/2021,"180,000"
6/30/2021,"202,000"
7/1/2021,"205,000"
7/2/2021,"248,000"
7/3/2021,"286,000"
7/4/2021,"313,000"
7/5/2021,"315,000"
7/6/2021,"251,000"
7/7/2021,"216,000"
7/8/2021,"187,000"
7/9/2021,"147,000"
7/10/2021,"151,000"
7/11/2021,"201,000"
7/12/2021,"215,000"
7/13/2021,"230,000"
7/14/2021,"235,000"
7/15/2021,"235,000"
7/16/2021,"229,000"
7/17/2021,"227,000"
7/18/2021,"238,000"
7/19/2021,"351,000"
7/20/2021,"400,000"
7/21/2021,"333,000"
7/22/2021,"320,000"
7/23/2021,"287,000"
7/24/2021,"258,000"
7/25/2021,"222,000"
7/26/2021,"186,000"
7/27/2021,"156,000"
7/28/2021,"156,000"
7/29/2021,"138,000"
7/30/2021,"140,000"
7/31/2021,"136,000"
8/1/2021,"147,000"
8/2/2021,"140,000"
8/3/2021,"135,000"
8/4/2021,"110,000"
8/5/2021,"97,100"
8/6/2021,"90,100"
8/7/2021,"95,300"
8/8/2021,"102,000"
8/9/2021,"113,000"
8/10/2021,"115,000"
8/11/2021,"100,000"
8/12/2021,"133,000"
8/13/2021,"127,000"
8/14/2021,"154,000"
8/15/2021,"137,000"
8/16/2021,"119,000"
8/17/2021,"122,000"
8/18/2021,"136,000"
8/19/2021,"202,000"
8/20/2021,"212,000"
8/21/2021,"236,000"
8/22/2021,"317,000"
8/23/2021,"321,000"
8/24/2021,"308,000"
8/25/2021,"226,000"
8/26/2021,"188,000"
8/27/2021,"153,000"
8/28/2021,"188,000"
8/29/2021,"188,000"
8/30/2021,"189,000"
8/31/2021,"195,000"
9/1/2021,"229,000"
9/2/2021,"238,000"
9/3/2021,"258,000"
9/4/2021,"316,000"
9/5/2021,"353,000"
9/6/2021,"372,000"
9/7/2021,"312,000"
9/8/2021,"216,000"
9/9/2021,"181,000"
9/10/2021,"141,000"
9/11/2021,"115,000"
9/12/2021,"106,000"
9/13/2021,"102,000"
9/14/2021,"125,000"
9/15/2021,"135,000"
9/16/2021,"91,600"
9/17/2021,"122,000"
9/18/2021,"148,000"
9/19/2021,"157,000"
9/20/2021,"171,000"
9/21/2021,"214,000"
9/22/2021,"262,000"
9/23/2021,"302,000"
9/24/2021,"310,000"
9/25/2021,"322,000"
9/26/2021,"342,000"
9/27/2021,"325,000"
9/28/2021,"227,000"
9/29/2021,"177,000"
9/30/2021,"135,000"
10/1/2021,"144,000"
10/2/2021,"155,000"
10/3/2021,"121,000"
10/4/2021,"124,000"
10/5/2021,"149,000"
10/6/2021,"152,000"
10/7/2021,"180,000"
10/8/2021,"229,000"
10/9/2021,"247,000"
10/10/2021,"262,000"
10/11/2021,"267,000"
10/12/2021,"251,000"
10/13/2021,"210,000"
10/14/2021,"187,000"
10/15/2021,"180,000"
10/16/2021,"169,000"
10/17/2021,"175,000"
10/18/2021,"175,000"
10/19/2021,"173,000"
10/20/2021,"182,000"
10/21/2021,"182,000"
10/22/2021,"173,000"
10/23/2021,"173,000"
10/24/2021,"165,000"
10/25/2021,"162,000"
10/26/2021,"155,000"
10/27/2021,"144,000"
10/28/2021,"163,000"
10/29/2021,"225,000"
10/30/2021,"209,000"
10/31/2021,"237,000"
11/1/2021,"252,000"
11/2/2021,"265,000"
11/3/2021,"273,000"
11/4/2021,"259,000"
11/5/2021,"241,000"
11/6/2021,"214,000"
11/7/2021,"204,000"
11/8/2021,"179,000"
11/9/2021,"171,000"
11/10/2021,"162,000"
11/11/2021,"155,000"
11/12/2021,"151,000"
11/13/2021,"141,000"
11/14/2021,"144,000"
11/15/2021,"132,000"
11/16/2021,"131,000"
11/17/2021,"150,000"
11/18/2021,"144,000"
11/19/2021,"128,000"
11/20/2021,"134,000"
11/21/2021,"134,000"
11/22/2021,"149,000"
11/23/2021,"171,000"
11/24/2021,"179,000"
11/25/2021,"174,000"
11/26/2021,"162,000"
11/27/2021,"158,000"
11/28/2021,"132,000"
11/29/2021,"141,000"
11/30/2021,"128,000"
12/1/2021,"135,000"
12/2/2021,"142,000"
12/3/2021,"137,000"
12/4/2021,"135,000"
12/5/2021,"152,000"
12/6/2021,"182,000"
12/7/2021,"202,000"
12/8/2021,"234,000"
12/9/2021,"302,000"
12/10/2021,"341,000"
12/11/2021,"354,000"
12/12/2021,"339,000"
12/13/2021,"336,000"
12/14/2021,"369,000"
12/15/2021,"406,000"
12/16/2021,"405,000"
12/17/2021,"358,000"
12/18/2021,"344,000"
12/19/2021,"323,000"
12/20/2021,"308,000"
12/21/2021,"294,000"
12/22/2021,"288,000"
12/23/2021,"283,000"
12/24/2021,"287,000"
12/25/2021,"278,000"
12/26/2021,"254,000"
12/27/2021,"237,000"
12/28/2021,"243,000"
12/29/2021,"281,000"
12/30/2021,"281,000"
12/31/2021,"298,000"
1/1/2022,"368,000"
1/2/2022,"452,000"
1/3/2022,"478,000"
1/4/2022,"600,000"
1/5/2022,"686,000"
1/6/2022,"737,000"
1/7/2022,"763,000"
1/8/2022,"781,000"
1/9/2022,"815,000"
1/10/2022,"832,000"
1/11/2022,"836,000"
1/12/2022,"825,000"
1/13/2022,"796,000"
1/14/2022,"790,000"
1/15/2022,"760,000"
1/16/2022,"741,000"
1/17/2022,"709,000"
1/18/2022,"651,000"
1/19/2022,"534,000"
1/20/2022,"435,000"
1/21/2022,"442,000"
1/22/2022,"458,000"
1/23/2022,"472,000"
1/24/2022,"484,000"
1/25/2022,"487,000"
1/26/2022,"458,000"
1/27/2022,"402,000"
1/28/2022,"348,000"
1/29/2022,"322,000"
1/30/2022,"296,000"
1/31/2022,"259,000"
2/1/2022,"222,000"
2/2/2022,"221,000"
2/3/2022,"228,000"
2/4/2022,"262,000"
2/5/2022,"345,000"
2/6/2022,"462,000"
2/7/2022,"524,000"
2/8/2022,"573,000"
2/9/2022,"622,000"
2/10/2022,"657,000"
2/11/2022,"673,000"
2/12/2022,"663,000"
2/13/2022,"642,000"
2/14/2022,"560,000"
2/15/2022,"460,000"
2/16/2022,"429,000"
2/17/2022,"444,000"
2/18/2022,"482,000"
2/19/2022,"552,000"
2/20/2022,"650,000"
2/21/2022,"709,000"
2/22/2022,"767,000"
2/23/2022,"835,000"
2/24/2022,"910,000"
2/25/2022,"979,000"
2/26/2022,"1,030,000"
2/27/2022,"1,070,000"
2/28/2022,"1,100,000"
3/1/2022,"1,110,000"
3/2/2022,"1,120,000"
3/3/2022,"1,120,000"
3/4/2022,"1,110,000"
3/5/2022,"1,110,000"
3/6/2022,"1,110,000"
3/7/2022,"1,080,000"
3/8/2022,"1,010,000"
3/9/2022,"940,000"
3/10/2022,"891,000"
3/11/2022,"850,000"
3/12/2022,"826,000"
3/13/2022,"839,000"
3/14/2022,"840,000"
3/15/2022,"846,000"
3/16/2022,"834,000"
3/17/2022,"796,000"
3/18/2022,"731,000"
3/19/2022,"697,000"
3/20/2022,"673,000"
3/21/2022,"632,000"
3/22/2022,"604,000"
3/23/2022,"592,000"
3/24/2022,"562,000"
3/25/2022,"555,000"
3/26/2022,"552,000"
3/27/2022,"546,000"
3/28/2022,"517,000"
3/29/2022,"480,000"
3/30/2022,"459,000"
3/31/2022,"460,000"
4/1/2022,"480,000"
4/2/2022,"455,000"
4/3/2022,"417,000"
4/4/2022,"377,000"
4/5/2022,"332,000"
4/6/2022,"298,000"
4/7/2022,"284,000"
4/8/2022,"304,000"
4/9/2022,"309,000"
4/10/2022,"311,000"
4/11/2022,"326,000"
4/12/2022,"373,000"
4/13/2022,"422,000"
4/14/2022,"520,000"
4/15/2022,"532,000"
4/16/2022,"556,000"
4/17/2022,"610,000"
4/18/2022,"612,000"
4/19/2022,"586,000"
4/20/2022,"564,000"
4/21/2022,"544,000"
4/22/2022,"418,000"
4/23/2022,"419,000"
4/24/2022,"418,000"
4/25/2022,"400,000"
4/26/2022,"332,000"
4/27/2022,"292,000"
4/28/2022,"265,000"
4/29/2022,"256,000"
4/30/2022,"246,000"
5/1/2022,"245,000"
5/2/2022,"234,000"
5/3/2022,"212,000"
5/4/2022,"208,000"
5/5/2022,"225,000"
5/6/2022,"245,000"
5/7/2022,"288,000"
5/8/2022,"325,000"
5/9/2022,"364,000"
5/10/2022,"412,000"
5/11/2022,"533,000"
5/12/2022,"581,000"
5/13/2022,"470,000"
5/14/2022,"453,000"
5/15/2022,"442,000"
5/16/2022,"412,000"
5/17/2022,"333,000"
5/18/2022,"217,000"
5/19/2022,"176,000"
5/20/2022,"206,000"
5/21/2022,"220,000"
5/22/2022,"254,000"
5/23/2022,"227,000"
5/24/2022,"186,000"
5/25/2022,"193,000"
5/26/2022,"203,000"
5/27/2022,"191,000"
5/28/2022,"201,000"
5/29/2022,"219,000"
5/30/2022,"267,000"
5/31/2022,"285,000"
6/1/2022,"272,000"
6/2/2022,"256,000"
6/3/2022,"238,000"
6/4/2022,"217,000"
6/5/2022,"192,000"
6/6/2022,"178,000"
6/7/2022,"160,000"
6/8/2022,"163,000"
6/9/2022,"172,000"
6/10/2022,"180,000"
6/11/2022,"189,000"
6/12/2022,"184,000"
6/13/2022,"175,000"
6/14/2022,"162,000"
6/15/2022,"160,000"
6/16/2022,"171,000"
6/17/2022,"179,000"
6/18/2022,"180,000"
6/19/2022,"162,000"
6/20/2022,"146,000"
6/21/2022,"136,000"
6/22/2022,"131,000"
6/23/2022,"130,000"
6/24/2022,"112,000"
6/25/2022,"118,000"
6/26/2022,"132,000"
6/27/2022,"155,000"
6/28/2022,"163,000"
6/29/2022,"162,000"
6/30/2022,"159,000"
7/1/2022,"159,000"
7/2/2022,"131,000"
7/3/2022,"124,000"
7/4/2022,"127,000"
7/5/2022,"116,000"
7/6/2022,"118,000"
7/7/2022,"128,000"
7/8/2022,"127,000"
7/9/2022,"152,000"
7/10/2022,"176,000"
7/11/2022,"133,000"
7/12/2022,"139,000"
7/13/2022,"154,000"
7/14/2022,"162,000"
7/15/2022,"153,000"
7/16/2022,"154,000"
7/17/2022,"152,000"
7/18/2022,"156,000"
7/19/2022,"141,000"
7/20/2022,"149,000"
7/21/2022,"163,000"
7/22/2022,"168,000"
7/23/2022,"159,000"
7/24/2022,"150,000"
7/25/2022,"145,000"
7/26/2022,"156,000"
7/27/2022,"167,000"
7/28/2022,"219,000"
7/29/2022,"212,000"
7/30/2022,"217,000"
7/31/2022,"272,000"
8/1/2022,"276,000"
8/2/2022,"288,000"
8/3/2022,"297,000"
8/4/2022,"286,000"
8/5/2022,"260,000"
8/6/2022,"246,000"
8/7/2022,"243,000"
8/8/2022,"222,000"
8/9/2022,"224,000"
8/10/2022,"231,000"
8/11/2022,"229,000"
8/12/2022,"228,000"
8/13/2022,"205,000"
8/14/2022,"191,000"
8/15/2022,"188,000"
8/16/2022,"160,000"
8/17/2022,"142,000"
8/18/2022,"144,000"
8/19/2022,"143,000"
8/20/2022,"117,000"
8/21/2022,"128,000"
8/22/2022,"118,000"
8/23/2022,"123,000"
8/24/2022,"142,000"
8/25/2022,"159,000"
8/26/2022,"157,000"
8/27/2022,"124,000"
8/28/2022,"99,600"
8/29/2022,"105,000"
8/30/2022,"97,800"
8/31/2022,"105,000"
9/1/2022,"114,000"
9/2/2022,"97,000"
9/3/2022,"105,000"
9/4/2022,"117,000"
9/5/2022,"149,000"
9/6/2022,"148,000"
9/7/2022,"169,000"
9/8/2022,"171,000"
9/9/2022,"165,000"
9/10/2022,"156,000"
9/11/2022,"131,000"
9/12/2022,"118,000"
9/13/2022,"99,700"
9/14/2022,"113,000"
9/15/2022,"116,000"
9/16/2022,"106,000"
9/17/2022,"98,100"
9/18/2022,"89,500"
9/19/2022,"87,300"
9/20/2022,"87,900"
9/21/2022,"87,100"
9/22/2022,"86,100"
9/23/2022,"62,700"
9/24/2022,"82,800"
9/25/2022,"90,900"
9/26/2022,"74,100"
9/27/2022,"55,200"
9/28/2022,"75,900"
9/29/2022,"83,900"
9/30/2022,"71,200"
10/1/2022,"64,500"
10/2/2022,"90,800"
10/3/2022,"87,900"
10/4/2022,"96,400"
10/5/2022,"103,000"
10/6/2022,"106,000"
10/7/2022,"114,000"
10/8/2022,"76,900"
10/9/2022,"74,900"
10/10/2022,"66,500"
10/11/2022,"70,100"
10/12/2022,"68,600"
10/13/2022,"63,100"
10/14/2022,"49,400"
10/15/2022,"59,000"
10/16/2022,"61,300"
10/17/2022,"52,400"
10/18/2022,"58,100"
10/19/2022,"54,800"
10/20/2022,"57,000"
10/21/2022,"65,900"
10/22/2022,"69,900"
10/23/2022,"71,800"
10/24/2022,"65,500"
10/25/2022,"63,700"
10/26/2022,"67,800"
10/27/2022,"73,300"
10/28/2022,"69,500"
10/29/2022,"68,500"
10/30/2022,"71,100"
10/31/2022,"66,600"
11/1/2022,"66,800"
11/2/2022,"79,300"
11/3/2022,"80,900"
11/4/2022,"63,100"
11/5/2022,"67,100"
11/6/2022,"69,300"
11/7/2022,"73,100"
11/8/2022,"72,700"
11/9/2022,"65,300"
11/10/2022,"77,900"
11/11/2022,"80,700"
11/12/2022,"74,200"
11/13/2022,"111,000"
11/14/2022,"138,000"
11/15/2022,"158,000"
11/16/2022,"183,000"
11/17/2022,"201,000"
11/18/2022,"193,000"
11/19/2022,"151,000"
11/20/2022,"158,000"
11/21/2022,"157,000"
11/22/2022,"153,000"
11/23/2022,"134,000"
11/24/2022,"126,000"
11/25/2022,"103,000"
11/26/2022,"98,400"
11/27/2022,"86,600"
11/28/2022,"87,300"
11/29/2022,"87,600"
11/30/2022,"127,000"
12/1/2022,"124,000"
12/2/2022,"166,000"
12/3/2022,"189,000"
12/4/2022,"213,000"
12/5/2022,"224,000"
12/6/2022,"221,000"
12/7/2022,"220,000"
12/8/2022,"198,000"
12/9/2022,"233,000"
12/10/2022,"260,000"
12/11/2022,"276,000"
12/12/2022,"291,000"
12/13/2022,"308,000"
12/14/2022,"303,000"
12/15/2022,"296,000"
12/16/2022,"318,000"
12/17/2022,"346,000"
12/18/2022,"357,000"
12/19/2022,"357,000"
12/20/2022,"341,000"
12/21/2022,"309,000"
12/22/2022,"222,000"
12/23/2022,"209,000"
12/24/2022,"208,000"
12/25/2022,"194,000"
12/26/2022,"181,000"
12/27/2022,"185,000"
12/28/2022,"173,000"
12/29/2022,"122,000"
12/30/2022,"137,000"
12/31/2022,"132,000"
1/1/2023,"131,000"
1/2/2023,"121,000"
1/3/2023,"204,000"
1/4/2023,"295,000"
1/5/2023,"403,000"
1/6/2023,"479,000"
1/7/2023,"537,000"
1/8/2023,"570,000"
1/9/2023,"586,000"
1/10/2023,"574,000"
1/11/2023,"492,000"
1/12/2023,"378,000"
1/13/2023,"304,000"
1/14/2023,"300,000"
1/15/2023,"308,000"
1/16/2023,"330,000"
1/17/2023,"352,000"
1/18/2023,"366,000"
1/19/2023,"387,000"
1/20/2023,"440,000"
1/21/2023,"458,000"
1/22/2023,"463,000"
1/23/2023,"478,000"
1/24/2023,"484,000"
1/25/2023,"475,000"
1/26/2023,"488,000"
1/27/2023,"466,000"
1/28/2023,"430,000"
1/29/2023,"411,000"
1/30/2023,"416,000"
1/31/2023,"460,000"
2/1/2023,"461,000"
2/2/2023,"457,000"
2/3/2023,"435,000"
2/4/2023,"422,000"
2/5/2023,"413,000"
2/6/2023,"400,000"
2/7/2023,"385,000"
2/8/2023,"362,000"
2/9/2023,"360,000"
2/10/2023,"325,000"
2/11/2023,"312,000"
2/12/2023,"304,000"
2/13/2023,"295,000"
2/14/2023,"271,000"
2/15/2023,"265,000"
2/16/2023,"307,000"
2/17/2023,"376,000"
2/18/2023,"482,000"
2/19/2023,"559,000"
2/20/2023,"609,000"
2/21/2023,"661,000"
2/22/2023,"728,000"
2/23/2023,"766,000"
2/24/2023,"761,000"
2/25/2023,"697,000"
2/26/2023,"589,000"
2/27/2023,"504,000"
2/28/2023,"469,000"
3/1/2023,"470,000"
3/2/2023,"472,000"
3/3/2023,"575,000"
3/4/2023,"713,000"
3/5/2023,"766,000"
3/6/2023,"899,000"
3/7/2023,"973,000"
3/8/2023,"991,000"
3/9/2023,"955,000"
3/10/2023,"902,000"
3/11/2023,"837,000"
3/12/2023,"776,000"
3/13/2023,"725,000"
3/14/2023,"667,000"
3/15/2023,"579,000"
3/16/2023,"488,000"
3/17/2023,"406,000"
3/18/2023,"360,000"
3/19/2023,"335,000"
3/20/2023,"307,000"
3/21/2023,"273,000"
3/22/2023,"267,000"
3/23/2023,"266,000"
3/24/2023,"287,000"
3/25/2023,"383,000"
3/26/2023,"520,000"
3/27/2023,"660,000"
3/28/2023,"785,000"
3/29/2023,"825,000"
3/30/2023,"845,000"
3/31/2023,"942,000"
4/1/2023,"958,000"
4/2/2023,"916,000"
4/3/2023,"955,000"
4/4/2023,"954,000"
4/5/2023,"907,000"
4/6/2023,"834,000"
4/7/2023,"757,000"
4/8/2023,"678,000"
4/9/2023,"610,000"
4/10/2023,"547,000"
4/11/2023,"491,000"
4/12/2023,"415,000"
4/13/2023,"342,000"
4/14/2023,"275,000"
4/15/2023,"232,000"
4/16/2023,"207,000"
4/17/2023,"180,000"
4/18/2023,"140,000"
4/19/2023,"137,000"
4/20/2023,"122,000"
4/21/2023,"122,000"
4/22/2023,"138,000"
4/23/2023,"131,000"
4/24/2023,"122,000"
4/25/2023,"136,000"
4/26/2023,"135,000"
4/27/2023,"150,000"
4/28/2023,"129,000"
4/29/2023,"125,000"
4/30/2023,"125,000"
5/1/2023,"133,000"
5/2/2023,"162,000"
5/3/2023,"167,000"
5/4/2023,"196,000"
5/5/2023,"210,000"
5/6/2023,"206,000"
5/7/2023,"214,000"
5/8/2023,"238,000"
5/9/2023,"276,000"
5/10/2023,"300,000"
5/11/2023,"308,000"
5/12/2023,"299,000"
5/13/2023,"295,000"
5/14/2023,"290,000"
5/15/2023,"279,000"
5/16/2023,"264,000"
5/17/2023,"249,000"
5/18/2023,"245,000"
5/19/2023,"241,000"
5/20/2023,"223,000"
5/21/2023,"203,000"
5/22/2023,"196,000"
5/23/2023,"182,000"
5/24/2023,"154,000"
5/25/2023,"134,000"
5/26/2023,"122,000"
5/27/2023,"111,000"
5/28/2023,"115,000"
5/29/2023,"109,000"
5/30/2023,"99,500"
5/31/2023,"105,000"
6/1/2023,"109,000"
6/2/2023,"107,000"
6/3/2023,"102,000"
6/4/2023,"96,900"
6/5/2023,"98,200"
6/6/2023,"98,800"
6/7/2023,"87,100"
6/8/2023,"92,000"
6/9/2023,"92,200"
6/10/2023,"84,200"
6/11/2023,"85,400"
6/12/2023,"93,700"
6/13/2023,"75,900"
6/14/2023,"84,900"
6/15/2023,"89,200"
6/16/2023,"87,000"
6/17/2023,"89,600"
6/18/2023,"92,100"
6/19/2023,"99,100"
6/20/2023,"111,000"
6/21/2023,"99,800"
6/22/2023,"75,600"
6/23/2023,"90,300"
6/24/2023,"90,400"
6/25/2023,"97,000"
6/26/2023,"95,300"
6/27/2023,"113,000"
6/28/2023,"120,000"
6/29/2023,"117,000"
6/30/2023,"131,000"
7/1/2023,"157,000"
7/2/2023,"133,000"
7/3/2023,"176,000"
7/4/2023,"191,000"
7/5/2023,"193,000"
7/6/2023,"200,000"
7/7/2023,"201,000"
7/8/2023,"170,000"
7/9/2023,"153,000"
7/10/2023,"138,000"
7/11/2023,"145,000"
7/12/2023,"133,000"
7/13/2023,"108,000"
7/14/2023,"109,000"
7/15/2023,"99,400"
7/16/2023,"99,700"
7/17/2023,"117,000"
7/18/2023,"121,000"
7/19/2023,"167,000"
7/20/2023,"186,000"
7/21/2023,"215,000"
7/22/2023,"188,000"
7/23/2023,"170,000"
7/24/2023,"165,000"
7/25/2023,"148,000"
7/26/2023,"130,000"
7/27/2023,"131,000"
7/28/2023,"125,000"
7/29/2023,"123,000"
7/30/2023,"127,000"
7/31/2023,"123,000"
8/1/2023,"115,000"
8/2/2023,"94,700"
8/3/2023,"114,000"
8/4/2023,"128,000"
8/5/2023,"142,000"
8/6/2023,"124,000"
8/7/2023,"131,000"
8/8/2023,"137,000"
8/9/2023,"145,000"
8/10/2023,"152,000"
8/11/2023,"148,000"
8/12/2023,"163,000"
8/13/2023,"158,000"
8/14/2023,"160,000"
8/15/2023,"212,000"
8/16/2023,"212,000"
8/17/2023,"201,000"
8/18/2023,"192,000"
8/19/2023,"172,000"
8/20/2023,"162,000"
8/21/2023,"162,000"
8/22/2023,"132,000"
8/23/2023,"89,000"
8/24/2023,"116,000"
8/25/2023,"94,900"
8/26/2023,"104,000"
8/27/2023,"120,000"
8/28/2023,"136,000"
8/29/2023,"139,000"
8/30/2023,"146,000"
8/31/2023,"124,000"
9/1/2023,"105,000"
9/2/2023,"110,000"
9/3/2023,"103,000"
9/4/2023,"86,800"
9/5/2023,"92,800"
9/6/2023,"74,400"
9/7/2023,"64,200"
9/8/2023,"66,300"
9/9/2023,"72,100"
9/10/2023,"66,900"
9/11/2023,"59,400"
9/12/2023,"92,700"
9/13/2023,"82,800"
9/14/2023,"77,400"
9/15/2023,"91,500"
9/16/2023,"87,600"
9/17/2023,"64,400"
9/18/2023,"73,100"
9/19/2023,"85,300"
9/20/2023,"81,600"
9/21/2023,"78,400"
9/22/2023,"67,300"
9/23/2023,"73,300"
9/24/2023,"66,700"
9/25/2023,"64,700"
9/26/2023,"66,800"
9/27/2023,"67,300"
9/28/2023,"75,400"
9/29/2023,"65,100"
9/30/2023,"70,300"
10/1/2023,"66,300"
10/2/2023,"67,900"
10/3/2023,"75,800"
10/4/2023,"63,700"
10/5/2023,"62,100"
10/6/2023,"63,800"
10/7/2023,"57,000"
10/8/2023,"42,000"
10/9/2023,"53,800"
10/10/2023,"54,500"
10/11/2023,"60,600"
10/12/2023,"61,800"
10/13/2023,"47,700"
10/14/2023,"48,900"
10/15/2023,"48,900"
10/16/2023,"50,400"
10/17/2023,"49,100"
10/18/2023,"50,400"
10/19/2023,"56,400"
10/20/2023,"64,300"
10/21/2023,"61,100"
10/22/2023,"58,600"
10/23/2023,"62,900"
10/24/2023,"72,500"
10/25/2023,"66,900"
10/26/2023,"73,100"
10/27/2023,"66,800"
10/28/2023,"59,400"
10/29/2023,"60,700"
10/30/2023,"75,300"
10/31/2023,"74,900"
11/1/2023,"82,200"
11/2/2023,"89,000"
11/3/2023,"107,000"
11/4/2023,"99,200"
11/5/2023,"87,900"
11/6/2023,"85,800"
11/7/2023,"85,500"
11/8/2023,"88,300"
11/9/2023,"79,800"
11/10/2023,"71,500"
11/11/2023,"73,100"
11/12/2023,"83,600"
11/13/2023,"75,100"
11/14/2023,"69,400"
11/15/2023,"74,100"
11/16/2023,"75,600"
11/17/2023,"72,100"
11/18/2023,"68,200"
11/19/2023,"68,300"
11/20/2023,"78,200"
11/21/2023,"82,800"
11/22/2023,"97,800"
11/23/2023,"109,000"
11/24/2023,"122,000"
11/25/2023,"125,000"
11/26/2023,"122,000"
11/27/2023,"122,000"
11/28/2023,"115,000"
11/29/2023,"94,600"
11/30/2023,"98,400"
12/1/2023,"97,400"
12/2/2023,"83,100"
12/3/2023,"76,900"
12/4/2023,"91,500"
12/5/2023,"96,200"
12/6/2023,"94,100"
12/7/2023,"99,500"
12/8/2023,"101,000"
12/9/2023,"105,000"
12/10/2023,"100,000"
12/11/2023,"107,000"
12/12/2023,"119,000"
12/13/2023,"126,000"
12/14/2023,"121,000"
12/15/2023,"129,000"
12/16/2023,"123,000"
12/17/2023,"115,000"
12/18/2023,"101,000"
12/19/2023,"79,800"
12/20/2023,   
12/21/2023,"79,900"
12/22/2023,"83,300"
12/23/2023,"75,800"
12/24/2023,"80,300"
12/25/2023,"83,000"
12/26/2023,"89,100"
12/27/2023,"87,000"
12/28/2023,"88,900"
12/29/2023,"107,000"
12/30/2023,"128,000"
12/31/2023,"145,000"
,
,
,
,
,
,
,
,
,
,
,
,
,
,
,
,
,
,
,
,
,
,
,
,
,
,
,
,
,
,
,
,
,
,
,
,
,
,
,
,
,
,
,
,
,
,
,
,
,
,
,
,
,
,
,
,
,
,
,
,
,
,
,
,
,
,
,
,
,
,
,
,
,
,
,
,
,
,
,
,
,
,
,
,
,
,
,
,
,
,
,
,
,
,
,
,
,
,
,
,
,
,
,
,
,
,
,
,
,
,
,
,
,
,
,
,
,
,
,
,
,
,
,
,
,
,
,
,
,
,
,
,
,
,
,
,
,
,
,
,
,
,
,
,
,
,
,
,
,
,
,
,
,
,
,
,
,
,
,
,
,
,
,
,
,
,
,
,
,
,
,
,
,
,
,
,
,
,
,
,
,
,
,
,
,
,
,
,
,
,
,
,
,
,
,
,
,
,
,
,
,
,
,
,
,
,
,
,
,
,
,
,
,
,
,
,
,
,
,
,
,
,
,
,
,
,
,
,
,
,
,
,
,
,
,
,
,
,
,
,
,
,
,
,
,
,
,
,
,
,
,
,
,
,
,
,
,
,
,
,
,
,
,
,
,
,
,
,
,
,
,
,
,
,
,
,
,
,
,
,
,
,
,
,
,
,
,
,
,
,
,
,
,
,
,
,
,
,
,
,
,
,
,
,
,
,
,
,
,
,
,
,
,
,
,
,
,
,
,
,
,
,
,
,
,
,
,
,
,
,
,
,
,
,
,
,"162,000"
